field_type,Categorical,Location,Numeric,Numeric,Numeric,Numeric,Numeric
description,Area of sampling,Point in the SAFE landscape,Top canopy height,Top canopy height standard deviation,Gap fraction,Aboveground biomass,LiDAR ground coverage
levels,SAFE; Maliau,,,,,,
units,,,metres,metres,metres,grams2,ratio
method,,,LiDAR,LiDAR,LiDAR,LiDAR,LiDAR
field_name,Location,ID,tch,tch_sd,gf,agb,coverage
1,SAFE,A_1,11.20225228,6.743838858,0.426755736,28.89773752,0.999874903
2,SAFE,A_2,16.84603035,7.060302301,0.121118867,56.72441689,0.999949961
3,SAFE,A_3,12.96261025,5.90099001,0.270644726,36.78285241,0.999949982
4,SAFE,A_4,10.79058103,6.534118676,0.410943481,27.16342458,0.999449573
5,SAFE,A_5,10.36519879,6.161113649,0.466851796,25.41619393,0.999349545
6,SAFE,A_6,13.17492503,5.835956068,0.281384415,37.78407157,0.999574872
7,SAFE,A_7,10.75891312,6.452868998,0.44121106,27.03177289,0.99959965
8,SAFE,A_8,11.51815677,8.343309328,0.402967151,30.25719628,0.998298767
9,SAFE,A_9,14.24891256,7.830888821,0.240492394,43.00982486,0.99977482
10,SAFE,A_10,13.07903054,6.668298863,0.250963319,37.33054378,0.999899915
11,SAFE,A_11,17.22647162,5.944226384,0.068356394,58.85759174,0.999974979
12,SAFE,A_12,14.29660587,5.323838497,0.159173359,43.24805761,0.999724787
13,SAFE,A_13,10.26128825,10.51438265,0.569437842,24.99638587,0.998799129
14,SAFE,A_14,7.867197532,6.558092525,0.618224568,16.11187947,0.99872433
15,SAFE,A_15,7.135523197,7.937120021,0.676916533,13.71092508,0.997973379
16,SAFE,A_16,6.174436639,6.8631309,0.737958285,10.79465172,0.996848897
17,SAFE,A_17,3.593355878,6.06636529,0.881977632,4.411469106,0.995246078
18,SAFE,A_18,5.618958748,8.257243476,0.782995972,9.236993218,0.995896615
19,SAFE,A_19,19.68565825,12.66271661,0.248974077,73.38414472,0.999849865
20,SAFE,A_20,23.39566497,12.15648967,0.131670461,97.62394168,0.999799855
21,SAFE,A_21,22.83621885,12.92298553,0.206834442,93.7952593,0.999949967
22,SAFE,A_22,7.504910825,8.233468458,0.69052442,14.90393561,0.997474179
23,SAFE,A_23,11.79979146,12.20536666,0.567314669,31.48990271,0.998248643
24,SAFE,A_24,11.62190468,9.884384291,0.485751457,30.70903456,0.998048488
25,SAFE,A_25,10.80449919,7.292894168,0.457177171,27.2213659,0.999449546
26,SAFE,A_26,11.52526378,7.982156811,0.470716215,30.28806395,0.999674902
27,SAFE,A_27,11.80605197,7.016084608,0.410625844,31.51752542,0.999849917
28,SAFE,A_28,15.09384118,10.27378552,0.307805817,47.30679966,0.999899957
29,SAFE,A_29,8.74635572,7.462685051,0.572364965,19.19542989,0.998573966
30,SAFE,A_30,13.00378371,11.61033107,0.432067257,36.97618462,0.998798979
31,SAFE,A_31,19.82822871,7.274601372,0.098521798,74.26476906,1
32,SAFE,A_32,18.62175036,7.028446841,0.109570875,66.94455477,1
33,SAFE,A_33,16.79633844,6.263583361,0.142381786,56.44808987,0.999949962
34,SAFE,A_34,15.86106424,6.631752282,0.20191129,51.34731933,0.999874916
35,SAFE,A_35,16.62488384,5.988050173,0.154525221,55.49876249,0.999974992
36,SAFE,A_36,14.27098667,6.049374912,0.228027612,43.12002258,0.999949977
37,SAFE,A_37,14.88520833,8.296868396,0.252851711,46.23077392,0.99979988
38,SAFE,A_38,9.789684007,10.25782887,0.569745334,23.12598607,0.998198829
39,SAFE,A_39,16.19110611,7.84151098,0.180847072,53.12548464,0.999799865
40,SAFE,A_40,4.79010378,5.996773157,0.840672538,7.095071255,0.997047638
41,SAFE,A_41,4.56842199,5.740002515,0.848949475,6.560535509,0.997548774
42,SAFE,A_42,5.433808409,6.493855242,0.810043286,8.739293955,0.997598018
43,SAFE,A_43,20.39523145,5.256882102,0.021490043,77.80793131,1
44,SAFE,A_44,19.39159925,5.505495774,0.028951056,71.58094632,1
45,SAFE,A_45,19.71645505,5.533983297,0.053320322,73.57401783,1
46,SAFE,A_46,17.82110682,4.599049699,0.043087702,62.25375955,1
47,SAFE,A_47,17.38696803,4.202931776,0.037331732,59.76682046,1
48,SAFE,A_48,18.79196511,5.641028793,0.045974136,67.95909375,1
49,SAFE,A_580,14.42937854,6.469616023,0.214834464,43.91400482,0.999949951
50,SAFE,A_581,12.15452712,6.469539331,0.331056569,33.07010799,0.999474593
51,SAFE,A_582,11.90117988,7.184361924,0.355747342,31.9384258,0.999649781
52,SAFE,A_583,14.69025774,5.87273896,0.157549672,45.23417446,0.999724739
53,SAFE,A_584,9.320891172,9.819594104,0.589265169,21.32415795,0.998624381
54,SAFE,A_585,3.817267777,6.052811005,0.872476169,4.875055389,0.995871801
55,SAFE,A_586,22.80014037,12.71245308,0.18441331,93.5504293,0.999849887
56,SAFE,A_587,9.411265079,10.25880682,0.628335626,21.66701464,0.99757409
57,SAFE,A_588,11.93938086,7.44698668,0.393047393,32.10806907,0.999774916
58,SAFE,A_589,12.87245894,11.20102949,0.435100183,36.36094151,0.998549166
59,SAFE,A_590,18.40159281,6.768290448,0.110196422,65.64129748,0.999949956
60,SAFE,A_591,15.45734164,6.519420319,0.212250106,49.20483814,0.999974979
61,SAFE,A_592,14.58054017,8.919602784,0.279993997,44.67707084,0.999499787
62,SAFE,A_593,5.601397034,6.794585935,0.795528435,9.189319175,0.997549142
63,SAFE,A_594,21.18361583,4.74055696,0.008429215,82.84224764,1
64,SAFE,A_595,18.53549929,4.286907096,0.023270944,66.43277217,1
65,SAFE,A_773,9.768295526,6.145297096,0.476108276,23.04252472,0.999374562
66,SAFE,A_774,16.56399798,7.723098297,0.118222289,55.1631755,1
67,SAFE,A_775,6.768799819,10.74687662,0.732243856,12.56575831,0.996646479
68,SAFE,A_776,20.49050557,13.52074313,0.273962321,78.40968066,0.999724787
69,SAFE,A_777,10.20209433,6.249048199,0.47085314,24.75847352,0.999049287
70,SAFE,A_778,17.42030485,7.856368051,0.146742394,59.95636711,1
71,SAFE,A_779,4.54197269,6.37392284,0.835293235,6.497867079,0.996847478
72,SAFE,A_780,18.71041564,5.546664112,0.037528146,67.47227839,1
73,SAFE,A_856,11.70871362,8.641348198,0.490095543,31.08913138,0.998224201
74,SAFE,A_857,12.85924671,8.55639645,0.385202422,36.2992695,0.998523745
75,SAFE,A_858,15.56561894,8.87691347,0.287700695,49.77590335,0.999674886
76,SAFE,A_859,7.092265879,6.496276354,0.724043921,13.57379798,0.997698907
77,SAFE,B_49,12.76596247,6.30086366,0.325480192,35.86501562,0.99934974
78,SAFE,B_50,15.82695904,6.019173836,0.170306988,51.1649361,1
79,SAFE,B_51,15.49788531,5.95085642,0.176161657,49.41836454,0.999949982
80,SAFE,B_52,13.91764395,7.031179478,0.320698541,41.36949294,0.999824864
81,SAFE,B_53,13.560041,7.514207638,0.353298807,39.6271667,0.99957467
82,SAFE,B_54,14.64598967,7.51228275,0.288927249,45.00907001,0.999949965
83,SAFE,B_55,17.46990978,7.86351057,0.128280832,60.23884975,0.999974979
84,SAFE,B_56,18.87994905,5.678028581,0.064003802,68.48586948,1
85,SAFE,B_57,18.18710074,6.010610905,0.108803883,64.38133227,1
86,SAFE,B_58,14.47467869,5.575443261,0.190167626,44.1421355,1
87,SAFE,B_59,16.08151285,6.349987845,0.151735008,52.53237846,0.999924946
88,SAFE,B_60,17.07185214,8.752563195,0.120612444,57.98687232,0.999899927
89,SAFE,B_61,16.08022635,7.517445689,0.2182496,52.52543171,0.9998749
90,SAFE,B_62,16.31154808,5.293130633,0.112169868,53.78033311,0.99994998
91,SAFE,B_63,14.18635498,6.784543392,0.272754558,42.69813226,0.999799905
92,SAFE,B_64,11.54501413,6.840799588,0.317940764,30.37391039,0.999374625
93,SAFE,B_65,12.3187637,6.74200951,0.297994198,33.8120335,0.99977491
94,SAFE,B_66,13.91062504,6.188313775,0.242396198,41.33501058,0.999549775
95,SAFE,B_67,16.11472918,8.39842255,0.257937799,52.71186359,0.99959967
96,SAFE,B_68,17.2686204,8.271945582,0.202085887,59.09583563,0.999724883
97,SAFE,B_69,17.81226176,8.511193719,0.194670337,62.20269197,0.999699737
98,SAFE,B_70,12.75489676,6.324993752,0.355032398,35.81363989,0.999899927
99,SAFE,B_71,12.14499986,6.030545144,0.330415427,33.02726909,0.99959983
100,SAFE,B_72,11.9607437,5.803937404,0.375484581,32.20309208,0.999799915
101,SAFE,B_73,16.62567204,8.209636449,0.209733517,55.50311216,0.999699737
102,SAFE,B_74,15.93220944,7.170208227,0.178782269,51.72860474,0.99989994
103,SAFE,B_75,14.94055284,7.778992078,0.273843768,46.51526024,0.999749869
104,SAFE,B_76,17.44024745,7.834572535,0.150999075,60.06987012,0.999974992
105,SAFE,B_77,17.68292324,7.714579675,0.132199575,61.4578398,0.999899962
106,SAFE,B_78,18.2916783,8.875825553,0.174210974,64.99443465,0.999924974
107,SAFE,B_79,14.84659721,9.388025973,0.275460184,46.03271041,0.99982493
108,SAFE,B_80,15.36769605,9.666033965,0.221263505,48.73401032,0.99937475
109,SAFE,B_81,14.35151225,6.250555766,0.226581265,43.52296374,0.99992494
110,SAFE,B_82,22.25943427,8.017402124,0.039332449,89.91154686,0.999974979
111,SAFE,B_83,17.33504615,7.506557247,0.13207736,59.47207521,0.999924942
112,SAFE,B_84,20.08258564,8.013616155,0.066746693,75.84615905,1
113,SAFE,B_85,16.5460574,6.024781169,0.135700888,55.06444513,1
114,SAFE,B_86,13.28015078,7.470395294,0.353581074,38.28421731,0.99979994
115,SAFE,B_87,14.60377214,6.292433904,0.247416489,44.79480615,0.999624672
116,SAFE,B_88,11.91292971,8.348535228,0.463534239,31.99056672,0.999674748
117,SAFE,B_89,10.11882841,6.938442986,0.542351675,24.42533438,0.99912419
118,SAFE,B_90,10.17583198,6.510088456,0.521785893,24.65320787,0.999949975
119,SAFE,B_91,22.04107058,11.666821,0.095087956,88.45819517,0.999924931
120,SAFE,B_92,22.94979307,12.98078947,0.11963973,94.56762793,0.999924944
121,SAFE,B_93,21.76982043,10.14583784,0.125003126,86.66590594,1
122,SAFE,B_94,16.21100479,9.302583378,0.214630607,53.23345609,0.999574692
123,SAFE,B_95,11.83949942,8.641409716,0.412064826,31.66526461,0.99927471
124,SAFE,B_96,14.58806647,6.41783706,0.246672671,44.71519932,0.999949965
125,SAFE,B_596,15.49326993,5.802921775,0.176686932,49.39403886,0.999924942
126,SAFE,B_597,13.90812829,7.605647474,0.34151406,41.32274736,0.999949965
127,SAFE,B_598,18.43818213,7.256712577,0.112287022,65.85719208,0.999974981
128,SAFE,B_599,14.93544013,6.112856635,0.172816651,46.48895057,0.999899932
129,SAFE,B_600,14.99376662,6.70439595,0.221555089,46.78944373,0.999849895
130,SAFE,B_601,12.32252576,7.059658149,0.307521017,33.8291044,0.9994996
131,SAFE,B_602,17.62628919,8.555299866,0.213499725,61.13280475,0.999699895
132,SAFE,B_603,13.2073656,5.823048472,0.309919732,37.93798692,0.999899977
133,SAFE,B_604,15.13877979,7.917495553,0.262191308,47.5398497,0.999699752
134,SAFE,B_605,18.22693537,7.774969391,0.12287415,64.61459832,1
135,SAFE,B_606,15.85507995,9.157259351,0.205097421,51.31529877,0.999824917
136,SAFE,B_607,19.53704219,7.740786755,0.068778303,72.4706015,0.999974981
137,SAFE,B_608,15.1138376,6.615076873,0.222155509,47.41044452,1
138,SAFE,B_609,9.970917262,6.778458604,0.54840001,23.83796169,0.999699767
139,SAFE,B_610,21.81940049,11.49250211,0.130079063,86.99242394,0.99992494
140,SAFE,B_611,15.62611744,9.356090794,0.241887463,50.09611105,0.999624709
141,SAFE,B_781,14.77889715,6.720703297,0.245323597,45.68624083,0.999824947
142,SAFE,B_782,17.13672116,7.819619314,0.120253165,58.35154944,0.999899935
143,SAFE,B_783,17.09394355,6.464396623,0.099254776,58.11096316,1
144,SAFE,B_784,15.59752098,8.177208201,0.25785959,49.94465401,0.999849936
145,SAFE,B_785,17.09750556,8.603452039,0.214055271,58.13098134,0.999649869
146,SAFE,B_786,14.21116603,5.759215632,0.217728615,42.82164592,0.999899895
147,SAFE,B_787,11.61090494,7.297899987,0.460054545,30.66100363,0.99922436
148,SAFE,B_788,20.61870941,12.96119278,0.140197673,79.22230089,1
149,SAFE,B_860,14.02936123,8.254904857,0.338109527,41.91986256,0.999924981
150,SAFE,B_861,14.18824626,5.762217689,0.20015512,42.70754242,0.999674748
151,SAFE,B_862,14.99342121,8.961542958,0.285303171,46.78766196,0.999499512
152,SAFE,B_863,17.90923769,6.544555546,0.133782026,62.76349302,0.99992494
153,SAFE,C_97,4.543436861,7.45478015,0.8123749,6.50133004,0.993094476
154,SAFE,C_98,3.745041298,5.128973009,0.821158753,4.723521463,0.994421374
155,SAFE,C_99,4.667427052,7.436010819,0.814563738,6.797219629,0.991619972
156,SAFE,C_100,5.757162128,7.342790137,0.774934974,9.615559122,0.988945578
157,SAFE,C_101,8.152894958,8.203556389,0.633236604,17.09050075,0.991269325
158,SAFE,C_102,6.413283891,7.851102645,0.726069552,11.49359621,0.989617213
159,SAFE,C_103,5.034483957,6.371790168,0.806870496,7.70333993,0.993419736
160,SAFE,C_104,8.777489505,6.527285596,0.582072002,19.30851119,0.996122189
161,SAFE,C_105,7.233017202,6.403435532,0.666091307,14.02197702,0.995447154
162,SAFE,C_106,12.11981962,7.199361976,0.408897563,32.91415293,0.997472852
163,SAFE,C_107,8.600864398,6.106345691,0.629034679,18.67047524,0.997272682
164,SAFE,C_108,10.77336579,6.964949514,0.491919344,27.09182505,0.997047934
165,SAFE,C_109,13.56718258,6.342976249,0.243610264,39.66167195,0.99959986
166,SAFE,C_110,10.63291758,7.985996722,0.43903964,26.51048325,0.997524072
167,SAFE,C_111,16.28933499,6.363839926,0.121194687,53.65932123,0.999974986
168,SAFE,C_112,15.54499202,7.092575857,0.184042633,49.66691424,0.999799845
169,SAFE,C_113,16.45684997,9.634842415,0.240604514,54.57455807,0.999924936
170,SAFE,C_114,17.49320232,6.353356768,0.100905272,60.37167346,1
171,SAFE,C_115,18.52223012,7.215098798,0.120508458,66.35417553,0.999874887
172,SAFE,C_116,19.40028757,6.768670492,0.058502652,71.63396964,1
173,SAFE,C_117,19.20937419,9.071459831,0.091368526,70.47243605,0.999749812
174,SAFE,C_118,14.61074671,8.734955557,0.296672504,44.83017587,0.999699775
175,SAFE,C_119,15.23844314,8.969381518,0.318522966,48.05831318,0.999724807
176,SAFE,C_120,11.95569088,8.905125662,0.468312943,32.18060688,0.999474593
177,SAFE,C_121,8.058264942,11.36835568,0.734106937,16.76383436,0.994222978
178,SAFE,C_122,6.780936491,7.098594964,0.729695241,12.60302447,0.994019917
179,SAFE,C_123,5.807254329,7.182168166,0.783162372,9.75425097,0.994721041
180,SAFE,C_124,4.063732403,7.101804575,0.877686323,5.406258379,0.995096445
181,SAFE,C_125,4.622177526,6.131510551,0.846788922,6.688633792,0.994921318
182,SAFE,C_126,5.529574482,7.606317908,0.806474208,8.995361539,0.995021764
183,SAFE,C_127,10.51482676,8.799594882,0.482976009,26.02554617,0.998448953
184,SAFE,C_128,9.363313057,10.79100188,0.616629562,21.48482724,0.997098332
185,SAFE,C_129,8.678122567,7.489273028,0.5445334,18.94851838,0.998223668
186,SAFE,C_130,6.330290015,6.544152721,0.726544909,11.24876676,0.997623217
187,SAFE,C_131,7.575096074,6.304356862,0.685931597,15.13503983,0.996947634
188,SAFE,C_132,10.83011381,7.679831166,0.466234644,27.32812699,0.998148472
189,SAFE,C_133,3.771241247,6.036038562,0.836964951,4.778271417,0.991944563
190,SAFE,C_134,4.466859705,7.528739387,0.826305522,6.321194479,0.989745898
191,SAFE,C_135,3.753877887,6.135783468,0.839829872,4.741959395,0.994370778
192,SAFE,C_136,4.162911284,5.642656106,0.801736215,5.626101237,0.991118783
193,SAFE,C_137,2.71152854,5.000805144,0.901206146,2.769741664,0.991717131
194,SAFE,C_138,4.202569419,5.637297175,0.807430573,5.71497507,0.992469352
195,SAFE,C_139,7.519535982,6.603038533,0.66264608,14.95197705,0.992667851
196,SAFE,C_140,7.776476951,7.412795141,0.628311942,15.80591195,0.992644299
197,SAFE,C_141,6.641380048,6.618098439,0.697028812,12.17714813,0.991196479
198,SAFE,C_142,6.843316275,6.583127551,0.682312908,12.79525132,0.996622213
199,SAFE,C_143,6.697061364,7.098142931,0.68841468,12.34637401,0.995146724
200,SAFE,C_144,6.073025826,6.591459845,0.699897456,10.503151,0.995147938
201,SAFE,C_612,4.540580556,7.06635888,0.811255628,6.494575169,0.992471236
202,SAFE,C_613,7.113635721,8.018255027,0.694376345,13.64147302,0.990293691
203,SAFE,C_614,7.423003251,6.68872066,0.642665933,14.63601199,0.995171499
204,SAFE,C_615,10.55478766,7.256779864,0.515268226,26.18924866,0.996948856
205,SAFE,C_616,14.15565671,7.121648181,0.232539524,42.54550619,0.999224535
206,SAFE,C_617,17.16295287,8.527801383,0.154069404,58.49927382,0.999924942
207,SAFE,C_618,20.0430752,6.652754174,0.049959972,75.59965133,1
208,SAFE,C_619,13.63803769,9.37705721,0.38497911,40.00465755,0.999574692
209,SAFE,C_620,7.074573658,7.564421177,0.721712156,13.51787007,0.994371201
210,SAFE,C_621,5.291340148,7.862205259,0.829402496,8.363777857,0.995373034
211,SAFE,C_622,10.06539739,9.708826458,0.524170545,24.21250195,0.998373618
212,SAFE,C_623,8.458497454,6.666644758,0.593123639,18.16237646,0.997522709
213,SAFE,C_624,4.454122812,6.868946696,0.799124453,6.29142717,0.992395247
214,SAFE,C_625,4.002236401,5.448257666,0.824796697,5.271688638,0.991817841
215,SAFE,C_626,8.087842373,7.085115152,0.624043032,16.86566913,0.992194146
216,SAFE,C_627,6.030319444,6.1292895,0.714514515,10.38133846,0.99527027
217,SAFE,C_789,3.240545906,5.805920686,0.866654989,3.718701542,0.989940947
218,SAFE,C_790,10.29257978,6.800374289,0.502226781,25.12251578,0.996722378
219,SAFE,C_791,14.52781945,7.216766501,0.231100108,44.41034623,0.999874959
220,SAFE,C_792,18.36625143,7.489763582,0.117062797,65.43303233,0.999974981
221,SAFE,C_793,4.719663458,6.493867403,0.81828417,6.923429422,0.99427056
222,SAFE,C_794,10.41464206,9.802035706,0.562198264,25.61691802,0.998248993
223,SAFE,C_795,5.051412862,6.357498718,0.750669101,7.746205957,0.989744616
224,SAFE,C_796,6.967404273,7.082042853,0.661939421,13.18104428,0.99254646
225,SAFE,C_864,10.80043026,6.921926887,0.379905455,27.20442188,0.998724394
226,SAFE,C_865,18.56291425,7.530909691,0.116271509,66.5952744,1
227,SAFE,C_866,4.854886214,5.694058276,0.798469388,7.254388801,0.996648659
228,SAFE,C_867,5.111370012,6.754640363,0.810933827,7.898779296,0.991497024
229,SAFE,D_145,12.16278808,7.6785503,0.400295236,33.10727079,0.999149319
230,SAFE,D_146,13.27124382,6.983890897,0.32156343,38.24178126,0.998374553
231,SAFE,D_147,14.35328148,7.01163512,0.276482362,43.53183339,0.998598949
232,SAFE,D_148,17.2588758,7.153943033,0.165207166,59.04072096,0.99984988
233,SAFE,D_149,18.32007066,6.992903568,0.127217676,65.16128531,0.999924931
234,SAFE,D_150,17.80499134,6.986865517,0.147775609,62.16072812,0.999849872
235,SAFE,D_151,11.20026198,6.900636121,0.438711452,28.88925088,0.999549809
236,SAFE,D_152,13.36819396,9.451038822,0.383397133,38.7046871,0.999674748
237,SAFE,D_153,16.26231862,8.851101608,0.250637978,53.51228739,0.999674756
238,SAFE,D_154,5.448843041,6.731306603,0.757270134,8.779301395,0.997947845
239,SAFE,D_155,2.972097743,4.715812195,0.897547548,3.223377592,0.996796797
240,SAFE,D_156,8.078347147,6.833967678,0.616918036,16.83295062,0.997648883
241,SAFE,D_157,11.26987695,7.124048405,0.489316988,29.18667387,0.998348762
242,SAFE,D_158,14.3649287,7.874533917,0.325477245,43.59024198,0.999299457
243,SAFE,D_159,9.312249515,6.832791149,0.611564251,21.29148684,0.997698159
244,SAFE,D_160,12.30088016,6.462402763,0.390892268,33.73093072,0.999524857
245,SAFE,D_161,13.99387153,6.008617766,0.25854781,41.74471291,1
246,SAFE,D_162,11.59284619,6.276496333,0.413146832,30.58221363,0.99959964
247,SAFE,D_163,12.83647681,7.468379181,0.358894171,36.19308134,0.999074306
248,SAFE,D_164,14.4079786,6.906245056,0.260777102,43.8063976,0.999749806
249,SAFE,D_165,14.61630013,7.67198954,0.29112879,44.85834649,0.999674772
250,SAFE,D_166,15.01580739,7.119042949,0.232934641,46.90319497,0.99969973
251,SAFE,D_167,14.97707059,6.817377104,0.221023922,46.70334906,0.999849865
252,SAFE,D_168,15.06971636,7.045161718,0.208435483,47.18187591,0.999574724
253,SAFE,D_169,16.65918295,7.248844172,0.196928003,55.68816419,0.999824886
254,SAFE,D_170,17.7085586,7.133467079,0.151496961,61.6051904,0.999949976
255,SAFE,D_171,17.03333078,6.951765557,0.162756378,57.77074265,0.999849925
256,SAFE,D_172,16.93799252,8.146832951,0.203488227,57.23720564,1
257,SAFE,D_173,16.05905819,9.436675769,0.304496799,52.41118133,0.99992497
258,SAFE,D_174,17.77816104,8.673556719,0.196603217,62.00596409,0.999674829
259,SAFE,D_175,11.84611424,9.091657929,0.461434574,31.69451495,0.99904962
260,SAFE,D_176,12.24692028,11.44916645,0.509169606,33.48668657,0.998924166
261,SAFE,D_177,11.52142935,11.25029824,0.547194356,30.27140843,0.998498987
262,SAFE,D_178,11.71499335,8.679244999,0.49722389,31.11669905,0.99812425
263,SAFE,D_179,10.85068009,6.787746516,0.495233091,27.41396617,0.997497685
264,SAFE,D_180,10.9900005,6.586453321,0.487664515,27.99825534,0.999649702
265,SAFE,D_181,12.20040931,9.880531285,0.494535724,33.27672228,0.998899642
266,SAFE,D_182,10.65776819,7.855918826,0.54880032,26.61298174,0.99917436
267,SAFE,D_183,11.73735719,7.513707655,0.436166221,31.21495353,0.999099347
268,SAFE,D_184,8.563173882,7.013873498,0.658377324,18.53542136,0.996997823
269,SAFE,D_185,8.971339781,7.838499297,0.6531776,20.01848355,0.995398044
270,SAFE,D_186,8.3132752,7.805671952,0.696314644,17.64981007,0.997372964
271,SAFE,D_187,9.918101516,5.519707648,0.550261505,23.62959463,0.999649658
272,SAFE,D_188,12.19562625,5.657136426,0.360602422,33.2551597,0.999674772
273,SAFE,D_189,12.19836988,6.899058958,0.39831441,33.26752764,0.999524834
274,SAFE,D_190,11.45403796,7.784156767,0.413835377,29.97927333,0.998899174
275,SAFE,D_191,12.30976275,6.860760076,0.327069833,33.7712041,0.99882403
276,SAFE,D_192,9.85578469,7.044898161,0.458436523,23.38467456,0.998824265
277,SAFE,D_628,13.7460221,6.986030517,0.302614788,40.52961482,0.998398599
278,SAFE,D_629,17.84484504,6.826123532,0.133533534,62.39089566,0.999824825
279,SAFE,D_630,13.82307675,9.315548181,0.35873699,40.90586078,0.99972478
280,SAFE,D_631,5.116327346,6.125057404,0.795282877,7.911446836,0.996898604
281,SAFE,D_632,11.66736004,7.413233154,0.466162968,30.9078325,0.998849166
282,SAFE,D_633,13.19121839,5.812978488,0.299196837,37.86134507,0.999849876
283,SAFE,D_634,13.86379995,7.841185241,0.332616254,41.10526026,0.999124497
284,SAFE,D_635,15.27280216,7.025627088,0.211039692,48.2375685,0.999799915
285,SAFE,D_636,18.25688244,7.059363175,0.139000776,64.79018362,0.999874909
286,SAFE,D_637,17.94243425,8.954656887,0.20485755,62.95592167,0.999949974
287,SAFE,D_638,13.69228129,11.32139554,0.439090295,40.26802036,0.99919938
288,SAFE,D_639,11.16181502,6.718694138,0.473801366,28.72550638,0.998899532
289,SAFE,D_640,11.46915562,8.55602286,0.505666608,30.04470952,0.999099347
290,SAFE,D_641,9.053394965,8.064096434,0.657049919,20.32205261,0.995446015
291,SAFE,D_642,11.85007231,5.878493025,0.410267958,31.71202242,0.999724787
292,SAFE,D_643,11.89681174,7.60954187,0.371586476,31.91905033,0.999124737
293,SAFE,D_797,15.88833769,7.209440727,0.246504765,51.49335303,0.998949554
294,SAFE,D_798,14.18880361,8.769102801,0.324871192,42.71031573,0.999349707
295,SAFE,D_799,10.63589209,6.424718631,0.529489745,26.52274365,0.998874437
296,SAFE,D_800,13.76969657,6.727576558,0.284503026,40.64506744,0.999224651
297,SAFE,D_801,17.95136733,7.157749338,0.136822888,63.00774328,1
298,SAFE,D_802,13.25259629,9.732688564,0.440619449,38.15299777,0.997222987
299,SAFE,D_803,10.67557604,8.279239823,0.559469602,26.68652782,0.999174381
300,SAFE,D_804,10.81105091,6.589970078,0.407415747,27.24865759,0.99919938
301,SAFE,D_868,14.46255892,7.830513379,0.288245008,44.08105486,0.999774809
302,SAFE,D_869,12.72146918,6.333533861,0.343017291,35.65861967,0.999924931
303,SAFE,D_870,13.71174499,9.23101563,0.3793509,40.36268666,0.999749769
304,SAFE,D_871,9.154840712,7.717951227,0.692011309,20.69984905,0.997898371
305,SAFE,E_193,3.48564306,3.788754731,0.928787689,4.19502409,0.995796322
306,SAFE,E_194,2.708589324,4.673480976,0.915142264,2.764780465,0.995395511
307,SAFE,E_195,3.488558994,4.27843307,0.895054162,4.200826811,0.994996623
308,SAFE,E_196,2.168582661,3.177877937,0.968688258,1.914392771,0.997524072
309,SAFE,E_197,3.596994222,5.623677715,0.888836069,4.418855191,0.997072658
310,SAFE,E_198,3.797209028,5.336043654,0.892449715,4.83278187,0.996797758
311,SAFE,E_199,9.495242067,8.729631629,0.583274947,21.98753635,0.999224302
312,SAFE,E_200,6.567072455,6.053679036,0.742153307,11.95275335,0.999299737
313,SAFE,E_201,5.582276471,6.490295817,0.750869032,9.137524274,0.999074699
314,SAFE,E_202,4.572420408,5.345820321,0.857846816,6.570029945,0.997548652
315,SAFE,E_203,5.075067428,6.093729922,0.807830873,7.806259444,0.998273705
316,SAFE,E_204,3.214873175,4.275205345,0.922045432,3.67012762,0.997723406
317,SAFE,E_205,6.315630763,6.840469181,0.708838908,11.20573904,0.998298767
318,SAFE,E_206,4.947688628,6.811184483,0.775534709,7.485042943,0.998023765
319,SAFE,E_207,6.262768009,7.235241268,0.726897587,11.0511183,0.995623359
320,SAFE,E_208,4.643989792,6.242526041,0.833266613,6.74089071,0.995621497
321,SAFE,E_209,3.178077385,5.083119361,0.879256424,3.600949127,0.993595036
322,SAFE,E_210,6.208923463,7.123635262,0.715729185,10.89449969,0.994247555
323,SAFE,E_211,12.64041091,9.233665472,0.438031622,35.28381644,0.999624737
324,SAFE,E_212,16.29603833,7.058827908,0.215274129,53.69582814,0.999899907
325,SAFE,E_213,9.39626387,8.56045846,0.586475195,21.6099542,0.999474619
326,SAFE,E_214,14.05527964,9.655948005,0.329048072,42.04795868,0.999274674
327,SAFE,E_215,17.68317371,8.005058818,0.149490855,61.45927879,0.999874903
328,SAFE,E_216,15.96205245,9.553952674,0.258681946,51.88887271,0.99967474
329,SAFE,E_217,5.22925243,6.688494679,0.820435838,8.202172037,0.996822537
330,SAFE,E_218,5.145663063,6.551036957,0.853511471,7.986572785,0.997297906
331,SAFE,E_219,5.277018462,6.532270337,0.822862719,8.326389984,0.996522305
332,SAFE,E_220,10.69877675,8.501380177,0.509783316,26.78246653,0.997572937
333,SAFE,E_221,9.261995428,8.507524925,0.620715537,21.10188601,0.997548161
334,SAFE,E_222,9.868982683,9.521572295,0.561771328,23.43646168,0.998198649
335,SAFE,E_223,16.10153577,8.107727455,0.218053575,52.64054379,0.999899952
336,SAFE,E_224,13.26639653,7.487561164,0.347302842,38.21869479,0.99922438
337,SAFE,E_225,9.385204208,8.440881954,0.57920024,21.56792439,0.998898954
338,SAFE,E_226,23.29850935,9.565913653,0.118084228,96.95469967,1
339,SAFE,E_227,19.94862467,8.333483286,0.118547802,75.01165502,1
340,SAFE,E_228,19.29361242,8.928224486,0.173064899,70.98402396,1
341,SAFE,E_229,4.327346119,4.820230582,0.913758163,5.9981747,0.995671646
342,SAFE,E_230,6.225652385,6.853678277,0.789656725,10.94306482,0.995971777
343,SAFE,E_231,4.141901208,4.784630893,0.881481481,5.579240922,0.99491992
344,SAFE,E_232,10.0688188,8.397268536,0.555019257,24.22610843,0.998674536
345,SAFE,E_233,11.65661721,8.370295539,0.447909107,30.86080325,0.998723692
346,SAFE,E_234,7.29916976,7.212532275,0.705404053,14.23460183,0.998248687
347,SAFE,E_235,11.86029954,7.007337833,0.450627783,31.75727748,0.999424741
348,SAFE,E_236,13.48248231,7.561685596,0.319685866,39.2531991,0.999674862
349,SAFE,E_237,13.25433542,9.76249231,0.414693959,38.16127456,0.999399429
350,SAFE,E_238,18.39264091,7.316744518,0.104352176,65.58851962,1
351,SAFE,E_239,18.3414016,8.585642213,0.163939758,65.28674999,0.99979986
352,SAFE,E_240,17.48027428,7.918111514,0.188891112,60.29793812,0.999749912
353,SAFE,E_644,2.897794828,3.782006852,0.925730438,3.091257861,0.995447268
354,SAFE,E_645,3.269594425,5.071935772,0.904225775,3.773966396,0.997072731
355,SAFE,E_646,6.828905403,6.342951593,0.692775456,12.75074132,0.999199219
356,SAFE,E_647,4.223501799,5.128124812,0.871878909,5.762106137,0.997423067
357,SAFE,E_648,6.556086199,7.379016667,0.70225436,11.91971697,0.997973328
358,SAFE,E_649,5.159896718,6.796537769,0.779404038,8.023124804,0.994320598
359,SAFE,E_650,13.61619604,8.69008593,0.375616102,39.89880512,0.999549651
360,SAFE,E_651,16.12860131,8.598001178,0.20876179,52.78689348,0.999824864
361,SAFE,E_652,6.01978164,6.86708392,0.800660297,10.35136761,0.998274223
362,SAFE,E_653,10.24524289,8.747246639,0.538713632,24.93180753,0.998123734
363,SAFE,E_654,13.24911051,8.169097374,0.345554583,38.13641053,0.99959985
364,SAFE,E_655,20.83613385,9.146756221,0.147021293,80.60800078,1
365,SAFE,E_656,3.967484636,4.514194923,0.907917771,5.196236168,0.994573101
366,SAFE,E_657,8.138548544,7.208315841,0.648810864,17.04081629,0.99772426
367,SAFE,E_658,13.91621414,8.457190342,0.350287716,41.36246766,0.999349512
368,SAFE,E_659,19.4678889,7.634230596,0.108437953,72.04705866,0.99979993
369,SAFE,E_805,2.383883782,4.439142595,0.926317896,2.238649545,0.995921839
370,SAFE,E_806,4.740431762,6.299216337,0.802186804,6.97386284,0.999399505
371,SAFE,E_807,4.362730289,6.347645987,0.820923893,6.0794666,0.993322162
372,SAFE,E_808,13.5754368,8.206133381,0.339435316,39.70156776,0.999524846
373,SAFE,E_809,8.476115116,8.573300782,0.660155566,18.22495232,0.997348873
374,SAFE,E_810,19.22068864,8.42016767,0.153322658,70.54106491,0.99997498
375,SAFE,E_811,6.442856713,6.786584729,0.739078216,11.58133773,0.996872341
376,SAFE,E_812,13.35831993,7.70578508,0.378796977,38.65744118,0.999499575
377,SAFE,E_872,3.500757277,3.686996078,0.946598299,4.225135786,0.998049025
378,SAFE,E_873,3.02361936,4.264169764,0.905283699,3.316267363,0.996572601
379,SAFE,E_874,4.224823383,6.318446932,0.841423139,5.765086929,0.995721577
380,SAFE,E_875,20.87319984,10.71203915,0.050690552,80.84517785,1
381,SAFE,F_241,22.83036307,9.830663343,0.099061679,93.75550459,0.999949956
382,SAFE,F_242,19.78113235,9.501070699,0.132067447,73.9734069,1
383,SAFE,F_243,19.28734259,10.07492131,0.175471084,70.94589625,0.999949951
384,SAFE,F_244,15.2764599,6.108975541,0.183121497,48.25666692,0.99952462
385,SAFE,F_245,13.91300878,8.801113608,0.290501676,41.34672008,0.999574851
386,SAFE,F_246,15.36797903,8.02861098,0.229753059,48.73549376,0.999349496
387,SAFE,F_247,15.86667973,9.599604645,0.284070154,51.37737366,0.999974981
388,SAFE,F_248,17.53390087,10.19501506,0.236269923,60.60403084,0.999924938
389,SAFE,F_249,17.76797464,9.262726113,0.209424477,61.94724628,1
390,SAFE,F_250,16.25194324,8.948528638,0.228048231,53.45586279,0.999949967
391,SAFE,F_251,13.65061298,9.121647116,0.34372576,40.06565215,1
392,SAFE,F_252,16.36160974,12.54087869,0.312665766,54.05345235,0.999849872
393,SAFE,F_253,13.49126828,7.874015232,0.359041689,39.29549237,0.999074699
394,SAFE,F_254,13.16347398,6.522772155,0.315785525,37.72980076,0.999549842
395,SAFE,F_255,14.79077924,6.852739508,0.246440636,45.74697516,0.999174277
396,SAFE,F_256,25.43159178,9.35887763,0.072197197,112.0622977,1
397,SAFE,F_257,23.28279317,9.81833139,0.067455651,96.84661206,0.999949959
398,SAFE,F_258,22.85329581,8.474687462,0.040441176,93.91123239,1
399,SAFE,F_259,24.01399526,9.034311552,0.058198013,101.9256985,1
400,SAFE,F_260,24.71904583,9.265983966,0.060589383,106.9197517,1
401,SAFE,F_261,22.75135365,9.430774542,0.085923035,93.21976279,1
402,SAFE,F_262,23.81423897,12.07262039,0.125962981,100.5279749,0.999849925
403,SAFE,F_263,19.8891653,6.611051935,0.051430859,74.64242504,1
404,SAFE,F_264,20.22388069,6.751133911,0.054091921,76.73029811,0.999899922
405,SAFE,F_265,19.70989098,6.001915218,0.039750838,73.53353177,0.999874919
406,SAFE,F_266,30.00933706,10.05761518,0.011029412,147.3278686,1
407,SAFE,F_267,16.59391718,10.3972649,0.226419815,55.32798186,0.999524643
408,SAFE,F_268,19.75435052,9.056530031,0.098994548,73.80792271,1
409,SAFE,F_269,21.73384626,7.39576947,0.041990941,86.42929566,1
410,SAFE,F_270,21.24802373,10.0181654,0.144682873,83.25902641,0.99987495
411,SAFE,F_271,24.75862976,6.757369818,0.018909455,107.2029274,1
412,SAFE,F_272,27.46444283,10.66038681,0.038254647,127.2525748,1
413,SAFE,F_273,25.45830587,9.423107428,0.028592871,112.2569499,1
414,SAFE,F_274,21.52982093,12.39577138,0.165666267,85.09221482,0.99992497
415,SAFE,F_275,29.61575944,11.11848954,0.020766613,144.1475097,1
416,SAFE,F_276,30.30362413,9.419162884,0.011383822,149.7237782,1
417,SAFE,F_277,22.60859941,9.647767074,0.120737535,92.25486281,0.999774837
418,SAFE,F_278,19.08896891,8.670260801,0.15242835,69.74374222,0.999949982
419,SAFE,F_279,21.34743028,10.20592926,0.127992795,83.90389945,0.999949964
420,SAFE,F_280,14.42990406,10.33109235,0.397833321,43.91664864,0.999549651
421,SAFE,F_281,14.71227943,10.1975846,0.409046559,45.34632058,0.999624728
422,SAFE,F_282,16.98643374,7.903453494,0.220640836,57.50805058,1
423,SAFE,F_283,16.22564054,8.959470669,0.298286,53.31292578,0.999649693
424,SAFE,F_284,16.17986182,7.979352804,0.235026384,53.06451077,0.999849951
425,SAFE,F_285,14.13985629,8.596752842,0.36204869,42.46703362,0.999849876
426,SAFE,F_286,15.23054823,7.787453454,0.224059022,48.01716165,0.999799925
427,SAFE,F_287,15.44280811,7.568003522,0.218185458,49.12838512,0.999974979
428,SAFE,F_288,15.13728228,9.584531516,0.305427714,47.53207638,0.99989995
429,SAFE,F_660,21.38483446,9.846336907,0.110363627,84.14705767,1
430,SAFE,F_661,14.43334621,8.568787345,0.268182842,43.93396724,0.998974205
431,SAFE,F_662,16.37784655,9.524961622,0.264868517,54.14215218,0.999974979
432,SAFE,F_663,15.29195847,9.558881868,0.274462709,48.33762384,0.999974981
433,SAFE,F_664,13.6337897,6.927424413,0.312767395,39.98406159,0.999124321
434,SAFE,F_665,24.5105284,8.947712478,0.032602712,105.4329486,1
435,SAFE,F_666,24.22348675,9.490855003,0.06305044,103.3997194,1
436,SAFE,F_667,19.8064068,5.510975123,0.033983134,74.12971133,1
437,SAFE,F_668,19.30488134,9.419640193,0.125744159,71.05257212,0.999624794
438,SAFE,F_669,24.13021542,9.34841765,0.076990442,102.7424125,0.999874894
439,SAFE,F_670,24.17073576,10.63165145,0.071228421,103.0277662,1
440,SAFE,F_671,31.62584978,10.76932141,0.011754996,160.6759196,1
441,SAFE,F_672,22.06781706,9.567847484,0.112281404,88.63570728,0.999949964
442,SAFE,F_673,16.52914082,9.250422495,0.294292717,54.97141402,0.9997499
443,SAFE,F_674,15.10922733,8.728178903,0.337753315,47.38654076,0.999674756
444,SAFE,F_675,14.14439276,7.575997612,0.263596338,42.48955807,0.999949967
445,SAFE,F_813,14.76027154,7.838719664,0.242441671,45.59110173,0.999849959
446,SAFE,F_814,14.7804123,9.366308155,0.309464835,45.69398363,0.999849884
447,SAFE,F_815,16.23305815,7.495854073,0.215661265,53.35322005,0.9992497
448,SAFE,F_816,25.45804362,9.934873903,0.04819458,112.2550384,1
449,SAFE,F_817,23.01262967,7.758433065,0.047393839,94.99602678,1
450,SAFE,F_818,26.65784765,8.905097976,0.027769439,121.1341996,1
451,SAFE,F_819,18.42822684,8.267016607,0.162213549,65.79842337,1
452,SAFE,F_820,16.99772158,9.725445998,0.269630037,57.57123575,0.999899942
453,SAFE,F_876,15.67466443,10.28734799,0.298691879,50.35364789,0.999824917
454,SAFE,F_877,24.30541765,9.72321229,0.113462934,103.9784727,1
455,SAFE,F_878,21.363828,9.493580482,0.130695744,84.010464,0.999899965
456,SAFE,F_879,16.64309465,8.687541444,0.22769354,55.59929193,0.999549617
457,SAFE,LF1_289,22.52196112,6.02324717,0.031643195,91.67119549,1
458,SAFE,LF1_290,21.6435651,7.065587374,0.041380001,85.83662195,1
459,SAFE,LF1_291,16.25067819,7.844169191,0.215611709,53.44898461,0.999949962
460,SAFE,LF1_292,18.77718544,7.95771257,0.132512636,67.87076288,1
461,SAFE,LF1_293,20.82904019,7.732141397,0.097434102,80.56264146,1
462,SAFE,LF1_294,18.29713136,7.514137073,0.163255092,65.02646701,1
463,SAFE,LF1_295,18.08056865,6.380373894,0.076538144,63.759134,0.999849876
464,SAFE,LF1_296,25.58764524,7.082530825,0.006652661,113.2012669,1
465,SAFE,LF1_297,29.02035279,8.065265367,0.00825454,139.3885197,1
466,SAFE,LF1_298,28.93775948,6.714559053,0.00147607,138.7333569,1
467,SAFE,LF1_299,18.19982493,6.255676445,0.099454564,64.45580713,0.99984988
468,SAFE,LF1_300,18.8787241,6.809615312,0.080380143,68.47852443,1
469,SAFE,LF1_301,16.6323869,6.904830556,0.168793474,55.54017307,1
470,SAFE,LF1_302,16.89421309,6.419287056,0.107956677,56.99286051,1
471,SAFE,LF1_303,12.85848912,5.702722437,0.319856896,36.29573446,1
472,SAFE,LF1_304,18.04131968,7.104871405,0.153576701,63.53050333,1
473,SAFE,LF1_305,18.46321636,5.937984692,0.060555278,66.00506739,0.999949975
474,SAFE,LF1_306,23.72429994,8.621379893,0.025839858,99.90115009,1
475,SAFE,LF1_307,22.02266545,10.49175498,0.137561903,88.33612496,1
476,SAFE,LF1_308,16.87816855,7.312615119,0.194487519,56.90341493,1
477,SAFE,LF1_309,16.87437743,8.962738436,0.243677298,56.88228823,0.999924953
478,SAFE,LF1_310,24.73961228,7.063026983,0.021734237,107.0668432,1
479,SAFE,LF1_311,15.1547018,6.225342157,0.172704528,47.62252922,0.999974981
480,SAFE,LF1_312,29.33615296,6.207277359,0.000525394,141.9048001,1
481,SAFE,LF1_313,19.04420616,5.476151283,0.04656458,69.47360107,1
482,SAFE,LF1_314,21.50470456,7.211415988,0.047135352,84.92818425,1
483,SAFE,LF1_315,21.8369618,7.042870106,0.062870581,87.1081933,1
484,SAFE,LF1_676,27.0171081,6.38180791,0.002150968,123.8446342,1
485,SAFE,LF1_677,24.11750515,7.2079753,0.025961033,102.6529682,1
486,SAFE,LF1_678,18.14262472,6.93379133,0.11492556,64.12128083,0.999874891
487,SAFE,LF1_679,16.37605803,6.862511079,0.199944953,54.13237888,1
488,SAFE,LF1_680,17.52675203,6.276243719,0.087603843,60.56319092,0.999949955
489,SAFE,LF1_681,19.58276688,6.75958222,0.092927878,72.75118969,1
490,SAFE,LF1_682,14.69396629,7.32729597,0.268723569,45.25305268,0.999949954
491,SAFE,LF1_683,25.55181003,8.980051673,0.024393295,112.9393182,1
492,SAFE,LF1_684,17.70844808,5.93366922,0.100983311,61.60455485,1
493,SAFE,LF1_821,22.40388841,9.56248357,0.143357518,90.87811805,1
494,SAFE,LF1_822,22.61702709,5.36284013,0.010979666,92.31171667,0.999949979
495,SAFE,LF1_823,15.89510645,6.014782577,0.162898304,51.52962124,0.999899955
496,SAFE,LF1_880,17.20966824,6.498239418,0.159709891,58.76271752,1
497,SAFE,LF2_316,25.82099782,4.841880091,0.009783805,114.9128871,1
498,SAFE,LF2_317,24.16693583,6.19635451,0.007430759,103.000993,1
499,SAFE,LF2_318,25.75024635,6.029315524,0.022967225,114.3928597,1
500,SAFE,LF2_319,27.28773191,6.526038697,0.007481546,125.9019678,1
501,SAFE,LF2_320,24.97693314,7.27236283,0.017137853,108.7699371,1
502,SAFE,LF2_321,26.83006818,7.018085876,0.003526763,122.4305577,1
503,SAFE,LF2_322,17.71261622,8.770129572,0.188561282,61.62852614,0.999899967
504,SAFE,LF2_323,25.63119918,8.035064837,0.00475202,113.5199606,1
505,SAFE,LF2_324,26.39035531,6.713336841,0.003476478,119.1315268,1
506,SAFE,LF2_325,26.80119033,6.691146826,0.003502715,122.2128047,1
507,SAFE,LF2_326,25.28540751,7.049249776,0.013310649,110.9994916,1
508,SAFE,LF2_327,21.96057079,5.44756952,0.03004002,87.92477976,1
509,SAFE,LF2_328,21.45939118,7.537275143,0.080628613,84.63256703,1
510,SAFE,LF2_329,22.25835672,9.070130354,0.091757348,89.90435214,1
511,SAFE,LF2_330,24.0021723,6.102450992,0.029525096,101.8427594,1
512,SAFE,LF2_331,26.86820322,7.850669259,0.020657747,122.718349,1
513,SAFE,LF2_332,25.56918758,5.572527406,0.002200935,113.0663149,1
514,SAFE,LF2_333,26.86376425,7.87044827,0.009557885,122.684836,1
515,SAFE,LF2_334,25.90106157,7.158150305,0.006105189,115.5024836,1
516,SAFE,LF2_335,25.07035098,5.246349305,0.007155904,109.4432443,1
517,SAFE,LF2_336,27.80512857,9.221419287,0.020635834,129.8724864,1
518,SAFE,LF2_337,23.67721248,4.963920099,0.001926541,99.57359482,1
519,SAFE,LF2_338,26.21326603,5.10799631,0.012734232,117.8129535,1
520,SAFE,LF2_339,22.6206498,6.720755525,0.045213431,92.33616012,1
521,SAFE,LF2_340,25.08846058,7.429779074,0.033249106,109.5739588,1
522,SAFE,LF2_341,28.08872411,7.821054009,0.009003601,132.0694242,1
523,SAFE,LF2_342,23.29697774,5.010034893,0.01363625,96.94416394,1
524,SAFE,LF2_685,26.54184313,6.893912122,0.003177542,120.2640726,1
525,SAFE,LF2_686,27.12959863,8.533202844,0.016385651,124.6981822,1
526,SAFE,LF2_687,23.11450706,5.264353211,0.017114547,95.69221698,1
527,SAFE,LF2_688,20.59912298,8.3198866,0.113784135,79.09793813,0.999949985
528,SAFE,LF2_689,26.93653925,7.369019209,0.008979265,123.2347237,1
529,SAFE,LF2_690,26.46946571,4.680632239,0.009908174,119.72244,1
530,SAFE,LF2_691,24.32479825,6.361135963,0.006177316,104.1155623,1
531,SAFE,LF2_692,23.45290648,8.564974475,0.060171633,98.01909225,1
532,SAFE,LF2_693,26.70615117,6.116538739,0.001451125,121.4972453,1
533,SAFE,LF2_824,25.1706393,5.498853056,0.004602647,110.1678962,1
534,SAFE,LF2_825,20.42604148,8.725262736,0.12093384,78.00232641,1
535,SAFE,LF2_826,24.04193492,6.403819856,0.017410882,102.1218037,1
536,SAFE,LF2_881,26.59192235,7.724656985,0.000925578,120.639403,1
537,SAFE,LF3_343,26.5364704,9.505402886,0.016557037,120.2238329,1
538,SAFE,LF3_344,28.17961677,10.23933494,0.051070964,132.7766229,1
539,SAFE,LF3_345,25.89828492,8.000472408,0.026972927,115.4820161,0.999974979
540,SAFE,LF3_346,30.60247261,8.64889913,0.020881787,152.1724229,1
541,SAFE,LF3_347,27.41414001,6.797761635,0.008032028,126.8675293,1
542,SAFE,LF3_348,24.34781888,7.200850248,0.012704764,104.2784925,1
543,SAFE,LF3_349,21.67855236,8.457408746,0.065377786,86.06611349,0.999974989
544,SAFE,LF3_350,28.21927123,9.562232953,0.027549105,133.0856254,1
545,SAFE,LF3_351,27.84604596,9.202863916,0.022793235,130.1885632,1
546,SAFE,LF3_352,24.67776405,9.683487954,0.055447179,106.6247452,1
547,SAFE,LF3_353,26.24407107,7.803660092,0.032425129,118.0419054,1
548,SAFE,LF3_354,31.29762091,7.974616735,0.008178885,157.9287008,1
549,SAFE,LF3_355,25.82189147,7.884250368,0.015387695,114.9194615,1
550,SAFE,LF3_356,28.61269529,7.188727084,0.004026409,136.166681,1
551,SAFE,LF3_357,28.28314427,6.594179456,0.011831211,133.5839446,1
552,SAFE,LF3_358,33.01255294,7.766039252,0.005204945,172.4878004,1
553,SAFE,LF3_359,27.32194279,9.491235271,0.029875394,126.1629981,1
554,SAFE,LF3_360,28.52314664,8.067102086,0.012003901,135.4629432,1
555,SAFE,LF3_361,26.32752012,7.708305349,0.030350039,118.6630043,1
556,SAFE,LF3_362,30.15593646,8.859282828,0.009709224,148.5194848,1
557,SAFE,LF3_363,28.89096285,9.085949348,0.012134404,138.362689,1
558,SAFE,LF3_364,24.36453813,8.205051798,0.016365957,104.3968873,1
559,SAFE,LF3_365,28.41159862,8.038312181,0.015682449,134.5883348,1
560,SAFE,LF3_366,21.93040833,8.272858919,0.064299832,87.7252427,1
561,SAFE,LF3_367,25.2748473,7.58054247,0.038507732,110.9228705,1
562,SAFE,LF3_368,25.30665285,7.472209807,0.032688075,111.1537034,1
563,SAFE,LF3_369,28.4125013,10.0605922,0.033100653,134.5954035,1
564,SAFE,LF3_694,31.11320641,8.782468677,0.016081835,156.3934061,1
565,SAFE,LF3_695,30.48513218,8.659879146,0.010383826,151.2091115,1
566,SAFE,LF3_696,24.48748513,9.768809683,0.052693472,105.2691469,1
567,SAFE,LF3_697,25.79848538,7.1275501,0.032291953,114.7473183,1
568,SAFE,LF3_698,26.97504366,7.294861094,0.018755627,123.5260557,1
569,SAFE,LF3_699,25.96274468,8.902170765,0.014762179,115.9575359,1
570,SAFE,LF3_700,29.63787938,9.368909779,0.023885749,144.3255253,1
571,SAFE,LF3_701,27.54470601,8.136541529,0.011634599,127.8679077,1
572,SAFE,LF3_702,24.34264759,8.793684348,0.041445723,104.2418836,0.999974987
573,SAFE,LF3_827,30.62649385,7.98656337,0.016612875,152.3699242,1
574,SAFE,LF3_828,29.56369563,6.490557284,0.001725604,143.7288562,1
575,SAFE,LF3_829,23.84742475,10.09686195,0.061348006,100.7596523,1
576,SAFE,LF3_882,21.64115213,8.824411302,0.084863648,85.82080346,1
577,SAFE,LF5_895,27.03782632,5.047570092,0.002927122,124.0016645,1
578,SAFE,LFE_370,18.33476597,8.711919009,0.17720031,65.2477102,0.999924968
579,SAFE,LFE_371,21.26540036,8.949172836,0.126851481,83.37161078,0.99994996
580,SAFE,LFE_372,18.81896364,7.489812401,0.13632269,68.12056793,1
581,SAFE,LFE_373,21.70612569,10.44907604,0.106161043,86.24714548,0.999974986
582,SAFE,LFE_374,19.05375707,8.380131466,0.144440552,69.53120563,1
583,SAFE,LFE_375,19.3222948,7.286337738,0.101991294,71.15854866,1
584,SAFE,LFE_376,29.83333792,7.265784826,0.011608126,145.9022942,1
585,SAFE,LFE_377,30.40100823,8.17851763,0.011059954,150.5199805,1
586,SAFE,LFE_378,29.39490367,8.03248798,0.007629387,142.3748833,1
587,SAFE,LFE_379,30.17276562,6.745632814,0.003927553,148.6565212,1
588,SAFE,LFE_380,27.41245272,8.300399669,0.013961868,126.8546218,1
589,SAFE,LFE_381,29.96453195,6.952659467,0.005904724,146.9644325,1
590,SAFE,LFE_382,17.41425357,7.945403973,0.165282226,59.92194306,0.99939952
591,SAFE,LFE_383,17.48134256,10.20001809,0.213978387,60.30402975,0.999524715
592,SAFE,LFE_384,22.2350584,7.035281347,0.0375372,89.74884595,1
593,SAFE,LFE_385,13.851419,7.465317483,0.271215266,41.04459695,0.999499787
594,SAFE,LFE_386,16.79380841,8.255717278,0.187901834,56.43403511,0.999549696
595,SAFE,LFE_387,17.72475955,9.748433691,0.208322913,61.69838448,0.999624869
596,SAFE,LFE_388,27.1860127,6.117964863,0.010554486,125.1271086,1
597,SAFE,LFE_389,27.24286211,5.559004373,0.007756011,125.5599333,1
598,SAFE,LFE_390,26.87912887,5.726567346,0.01373324,122.8008501,1
599,SAFE,LFE_391,26.06386864,6.2373428,0.02124412,116.7050822,1
600,SAFE,LFE_392,28.08506942,7.151441547,0.021667334,132.0410198,1
601,SAFE,LFE_393,26.63282809,9.503496117,0.06295351,120.9463233,0.999899915
602,SAFE,LFE_703,19.62515069,8.58590726,0.142992969,73.011659,0.999974979
603,SAFE,LFE_704,19.66292139,8.024825266,0.115067054,73.24408834,1
604,SAFE,LFE_705,30.56254392,7.426751389,0.003778117,151.8443553,1
605,SAFE,LFE_706,29.3853743,6.928287846,0.006676502,142.2985941,1
606,SAFE,LFE_707,20.0791745,9.037256185,0.119474672,75.82486428,0.999649781
607,SAFE,LFE_708,14.50023173,7.559589754,0.245696127,44.27102606,0.99959964
608,SAFE,LFE_709,27.63653905,5.514824758,0.005903985,128.5733778,1
609,SAFE,LFE_710,27.72953045,8.333524976,0.021508066,129.2893082,1
610,SAFE,LFE_830,20.75547791,6.95246223,0.084317454,80.09285315,1
611,SAFE,LFE_831,30.84364097,7.596903238,0.010383307,154.1598845,1
612,SAFE,LFE_832,12.05190613,7.087216541,0.340998374,32.60983284,0.999224321
613,SAFE,LFE_833,28.23901967,7.142215287,0.032938999,133.2396185,0.999974989
614,SAFE,LFE_883,26.51346479,8.931202126,0.033213285,120.0515897,1
615,SAFE,LFE_884,22.97266955,5.9028375,0.029297706,94.72350357,1
616,SAFE,LFE_885,27.54027234,5.873816666,0.017813806,127.8338867,1
738,SAFE,OP1_475,4.614461027,3.100804625,0.995070193,6.670185416,0.999824829
739,SAFE,OP1_476,6.060873247,3.512364857,0.902809396,10.46843074,0.999949966
740,SAFE,OP1_477,6.090008623,3.554493637,0.900292742,10.55174737,0.999774814
741,SAFE,OP1_478,6.134611937,4.070106117,0.821115837,10.67980161,0.999974981
742,SAFE,OP1_479,6.331978188,3.540241739,0.86956848,11.25372606,0.999699812
743,SAFE,OP1_480,6.606129353,3.508935402,0.848432535,12.07049219,1
744,SAFE,OP1_481,4.352990512,3.554247689,0.959345526,6.057047239,0.999099347
745,SAFE,OP1_482,6.204783504,3.408470285,0.89865186,10.88249429,0.999399715
746,SAFE,OP1_483,4.413509918,3.01640988,0.999324679,6.196882182,0.999899952
747,SAFE,OP1_484,5.500005381,2.688177315,0.982736189,8.915985489,0.99982486
748,SAFE,OP1_485,6.666270876,3.339345561,0.887276367,12.25268194,0.999674715
749,SAFE,OP1_486,7.009073671,3.3852579,0.789502652,13.31160923,0.999974982
750,SAFE,OP1_487,5.338912542,3.615111769,0.891866196,8.488443688,0.999774825
751,SAFE,OP1_488,4.72439681,3.455356026,0.968222194,6.934911094,0.999699737
752,SAFE,OP1_489,4.761674068,2.557640859,0.999624672,7.025596798,0.999724759
753,SAFE,OP1_490,5.117187731,3.416061374,0.947850229,7.913646204,0.999174608
754,SAFE,OP1_491,6.173910228,3.866699977,0.84059349,10.79313045,0.999899917
755,SAFE,OP1_492,4.510019658,2.871602344,0.993197279,6.422475525,0.99987495
756,SAFE,OP1_493,4.877718608,3.474973737,0.95691661,7.310872503,0.999774825
757,SAFE,OP1_494,3.47440866,3.681855903,0.941102914,4.172697218,0.999299737
758,SAFE,OP1_495,5.232578089,4.075925324,0.87226752,8.21079668,0.99939973
759,SAFE,OP1_496,6.105631275,3.65197938,0.888132709,10.5965299,0.999774814
760,SAFE,OP1_497,4.916874936,3.252294403,0.962328339,7.408141434,0.999949971
761,SAFE,OP1_498,5.516231018,3.051291757,0.95145801,8.959507591,0.999524834
762,SAFE,OP1_499,4.260298445,2.574452357,0.998498987,5.845327183,0.999699797
763,SAFE,OP1_500,4.494063253,3.597675851,0.935718754,6.384957432,0.999249343
764,SAFE,OP1_501,5.68678042,3.372309625,0.917131634,9.422019342,0.999674732
765,SAFE,OP1_738,4.769296457,3.018229343,0.997147718,7.044197333,0.99982486
766,SAFE,OP1_739,4.501895139,3.923818619,0.910536978,6.403361594,0.999374734
767,SAFE,OP1_740,6.168783541,3.502876799,0.899156931,10.77831926,1
768,SAFE,OP1_741,5.67023214,3.900439041,0.885919476,9.376739876,0.999774792
769,SAFE,OP1_742,4.796186413,3.295849319,0.968287315,7.109970605,0.9997499
770,SAFE,OP1_743,5.57944357,3.209259745,0.952259421,9.129860185,0.99939949
771,SAFE,OP1_744,4.846438367,3.664165779,0.931222489,7.23353406,0.99919968
772,SAFE,OP1_745,4.337319637,2.657140678,0.99959969,6.021044183,0.999649729
773,SAFE,OP1_746,6.085029767,3.858539753,0.836944556,10.53749116,0.99982486
774,SAFE,OP1_843,6.641827249,3.022164242,0.903993394,12.17850358,0.999674724
775,SAFE,OP1_844,5.615471415,3.698750098,0.90941612,9.22751855,0.999499675
776,SAFE,OP1_845,4.212785407,2.485002869,0.994948106,5.737958147,0.999924972
777,SAFE,OP1_889,5.713973756,3.038684555,0.94486692,9.496612861,1
778,SAFE,OP2_502,6.105626898,3.212541833,0.93510782,10.59651734,0.99979987
779,SAFE,OP2_503,3.908281471,3.777609647,0.937962778,5.068687028,0.999324595
780,SAFE,OP2_504,4.98789236,3.35716998,0.946955108,7.585850219,0.999649869
781,SAFE,OP2_505,5.355414513,3.449523658,0.942458282,8.531857999,0.999499637
782,SAFE,OP2_506,5.827339658,3.402320974,0.910967129,9.810082035,0.999724821
783,SAFE,OP2_507,5.70528407,3.325522583,0.929198449,9.472751088,0.999674878
784,SAFE,OP2_508,5.551537642,3.909591352,0.876600961,9.054499759,0.999774865
785,SAFE,OP2_509,4.006152986,3.372866483,0.96527743,5.280219191,0.999174463
786,SAFE,OP2_510,6.200401272,3.506492217,0.890106591,10.86979204,0.999824851
787,SAFE,OP2_511,4.624525923,4.504714645,0.870869293,6.694252266,0.998574109
788,SAFE,OP2_512,4.887380461,3.838775187,0.918163623,7.334826474,0.999249437
789,SAFE,OP2_513,4.143812113,3.217566245,0.983337503,5.583496553,0.999449587
790,SAFE,OP2_514,5.324840392,4.540356904,0.859211645,8.45149104,0.998949527
791,SAFE,OP2_515,5.693479101,3.219834964,0.926518051,9.44037279,0.999774825
792,SAFE,OP2_516,3.448295983,3.252043677,0.979284463,4.120983802,0.999024268
793,SAFE,OP2_517,5.214049987,3.448334136,0.941785705,8.162792197,0.99959973
794,SAFE,OP2_518,5.147919846,3.667302667,0.946685014,7.992363803,0.999649737
795,SAFE,OP2_519,5.484892381,3.179749612,0.969054886,8.87552316,0.999524691
796,SAFE,OP2_520,4.588496229,3.009898325,0.992894315,6.608257484,0.99952462
797,SAFE,OP2_521,6.172411765,3.309360303,0.90695056,10.7888005,0.99969976
798,SAFE,OP2_522,7.492381024,3.470085229,0.738239928,14.86282569,0.999824943
799,SAFE,OP2_523,6.449305428,3.480803562,0.858286629,11.60050584,0.99982486
800,SAFE,OP2_524,5.15329525,3.669512,0.939566077,8.006164038,0.999649658
801,SAFE,OP2_525,4.748802797,3.529476426,0.963596788,6.994231799,0.999649729
802,SAFE,OP2_526,5.22057124,3.787665413,0.901260504,8.179675438,0.99977491
803,SAFE,OP2_527,4.292425647,3.246161994,0.980394118,5.918372558,0.999374812
804,SAFE,OP2_528,7.16990301,3.277106931,0.800270209,13.82029822,0.999949961
805,SAFE,OP2_747,6.610224354,3.617213522,0.824862998,12.08286316,0.999799815
806,SAFE,OP2_748,5.7975182,3.403693633,0.911736009,9.727232829,0.999749819
807,SAFE,OP2_749,5.060522328,3.354747531,0.96179348,7.769311098,0.999499587
808,SAFE,OP2_750,4.718419089,4.210567186,0.903373428,6.920412211,0.998974718
809,SAFE,OP2_751,6.943720351,3.213798688,0.846846621,13.10706096,0.999799865
810,SAFE,OP2_752,3.792953845,3.069920021,0.994995371,4.823832843,0.999424468
811,SAFE,OP2_753,5.483483229,3.374654951,0.945554583,8.871754117,0.999699887
812,SAFE,OP2_754,4.919054027,3.799648051,0.935975381,7.413569462,0.99959969
813,SAFE,OP2_755,4.170990293,3.417578391,0.957996648,5.644161639,0.99927451
814,SAFE,OP2_846,5.703903019,3.194835007,0.951833142,9.468960924,0.99979993
815,SAFE,OP2_847,3.456447043,3.437708201,0.972250025,4.137098765,0.999174257
816,SAFE,OP2_848,4.339994895,3.576086844,0.965573319,6.027184452,0.99919938
817,SAFE,OP2_890,5.292383932,3.735826619,0.870589412,8.366505322,0.999624897
818,SAFE,OP3_529,6.040133012,3.894923894,0.848274827,10.40928027,0.999724773
819,SAFE,OP3_530,8.69328478,2.722481801,0.636136261,19.00327587,0.999924966
820,SAFE,OP3_531,8.031428711,2.714051973,0.754003203,16.67164845,0.99982486
821,SAFE,OP3_532,6.798107158,3.651401393,0.798974231,12.65582217,0.999724794
822,SAFE,OP3_533,8.73049774,4.440901711,0.522453779,19.13793289,0.999849891
823,SAFE,OP3_534,7.461219991,3.223025668,0.761469955,14.76078185,0.999699805
824,SAFE,OP3_535,8.672775764,2.469862332,0.665149203,18.92922358,1
825,SAFE,OP3_536,8.508967985,2.804503268,0.654373499,18.34186882,1
826,SAFE,OP3_537,11.73620742,3.616357219,0.218402882,31.20989905,0.999824877
827,SAFE,OP3_538,7.228548554,4.907850045,0.641640189,14.00765969,0.99932451
828,SAFE,OP3_539,7.706385666,3.255967062,0.725844383,15.57110917,0.999874906
829,SAFE,OP3_540,8.115545003,3.163273488,0.679102237,16.96126983,0.999824851
830,SAFE,OP3_541,7.761572318,3.485995942,0.679892922,15.75586589,0.999774837
831,SAFE,OP3_542,13.77520714,3.281846145,0.089102965,40.67195927,0.999924934
832,SAFE,OP3_543,10.56618592,5.16275988,0.38223156,26.23601666,0.999924964
833,SAFE,OP3_544,8.619532613,2.689942584,0.649437078,18.73751116,0.99979985
834,SAFE,OP3_545,8.379395229,2.984631293,0.679598779,17.88246388,1
835,SAFE,OP3_546,8.852725143,2.611403076,0.611019408,19.58285714,1
836,SAFE,OP3_547,8.451796986,2.579736577,0.695535826,18.13859952,1
837,SAFE,OP3_548,14.1787675,2.819747553,0.058953003,42.66038866,0.999924964
838,SAFE,OP3_549,10.03881727,5.212231087,0.340727773,24.10689931,0.999524822
839,SAFE,OP3_550,8.478533364,2.757036825,0.667817213,18.23354829,1
840,SAFE,OP3_551,12.49918935,3.163437647,0.146991146,34.63456938,1
841,SAFE,OP3_552,6.997109936,3.429848494,0.8145008,13.2740706,1
842,SAFE,OP3_553,6.901633718,3.984575086,0.724868651,12.97599793,0.999449587
843,SAFE,OP3_554,8.791601035,3.547398757,0.561913579,19.35985219,0.999899917
844,SAFE,OP3_555,8.218629721,3.79865227,0.564334142,17.31888319,0.999924946
845,SAFE,OP3_756,7.372797624,3.345058248,0.772091744,14.47273745,0.999924964
846,SAFE,OP3_757,13.48379565,3.918172282,0.11675508,39.25952001,0.999924932
847,SAFE,OP3_758,7.810893991,3.171562036,0.736450983,15.92171524,0.999824851
848,SAFE,OP3_759,7.452721846,4.490011813,0.64387058,14.73300097,0.999449491
849,SAFE,OP3_760,8.317271313,3.340179463,0.614026312,17.66383684,0.999899955
850,SAFE,OP3_761,8.717599765,2.755279789,0.617519015,19.09121837,0.99994996
851,SAFE,OP3_762,8.529717064,2.696246126,0.666132866,18.41586255,1
852,SAFE,OP3_763,7.963319976,2.867349157,0.742556918,16.43858883,0.999874906
853,SAFE,OP3_764,11.54534907,3.835805953,0.228521391,30.37536706,0.99979985
854,SAFE,OP3_849,9.097292314,2.732588844,0.549978732,20.48519429,1
855,SAFE,OP3_850,6.687244157,3.940551572,0.737384604,12.31647071,0.999474619
856,SAFE,OP3_851,7.867369403,5.480773826,0.549059342,16.11246133,0.99939958
857,SAFE,OP3_891,9.421370966,2.669408497,0.476946939,21.70548813,1
858,SAFE,OP5_897,7.294761716,5.028278877,0.536192359,14.22039439,0.999799835
859,SAFE,VJR_556,32.45997125,10.0659012,0.020115086,167.7412853,1
860,SAFE,VJR_557,35.83238361,9.816769108,0.001551241,197.5154349,1
861,SAFE,VJR_558,34.70559374,11.01407254,0.009879446,187.3540409,1
862,SAFE,VJR_559,33.0545003,8.311465275,0.005153479,172.8502503,1
863,SAFE,VJR_560,34.45178857,9.616130601,0.011033275,185.0945595,1
864,SAFE,VJR_561,34.66702394,8.734936487,0.00380133,187.0099785,1
865,SAFE,VJR_562,35.69290996,12.75283791,0.032475168,196.2461801,1
866,SAFE,VJR_563,32.54284584,12.74812453,0.033805425,168.4498164,1
867,SAFE,VJR_564,38.53058702,10.76660928,0.015960374,222.700572,1
868,SAFE,VJR_565,29.75987749,13.29501696,0.087117516,145.3088932,1
869,SAFE,VJR_566,29.26153212,14.82443073,0.111800465,141.3086207,1
870,SAFE,VJR_567,35.04872636,14.87665754,0.07008329,190.4259451,1
871,SAFE,VJR_568,25.00249969,16.81231808,0.267502063,108.9540443,0.999874941
872,SAFE,VJR_569,28.02943555,16.04295157,0.204282248,131.6089285,0.999949974
873,SAFE,VJR_570,27.09891399,13.04383914,0.13356841,124.4651257,0.999949984
874,SAFE,VJR_571,30.28124182,14.77476933,0.159222767,149.5410185,0.99989997
875,SAFE,VJR_572,31.60168873,14.60365518,0.105392218,160.473058,0.999874891
876,SAFE,VJR_573,28.77230299,18.15384693,0.235217576,137.4245621,0.999674699
877,SAFE,VJR_574,29.85011116,16.10977071,0.121239403,146.0379195,0.999624878
878,SAFE,VJR_575,28.46908354,14.70887281,0.103836343,135.0387742,1
879,SAFE,VJR_576,26.24672116,16.82223892,0.259643768,118.0616098,0.999124431
880,SAFE,VJR_577,22.96671387,15.63222931,0.26845923,94.68291301,0.999549775
881,SAFE,VJR_578,30.66450399,18.00470578,0.153087779,152.6826482,0.999974977
882,SAFE,VJR_579,27.75416841,16.01554288,0.087760104,129.4792561,0.99997499
883,SAFE,VJR_765,34.61147924,10.50572865,0.011078878,186.5149304,1
884,SAFE,VJR_766,35.35824689,9.391680426,0.007252357,193.2138405,1
885,SAFE,VJR_767,36.55000868,11.83253862,0.024535428,204.097029,1
886,SAFE,VJR_768,30.86110583,15.23498656,0.121912769,154.3042072,1
887,SAFE,VJR_769,26.20886005,15.37551561,0.20368795,117.7802214,0.99982486
888,SAFE,VJR_770,30.13924234,15.93423687,0.173300643,148.3835973,0.999749819
889,SAFE,VJR_771,29.40157527,16.11749706,0.136691188,142.4283038,0.999624681
890,SAFE,VJR_772,27.02047993,17.04999459,0.164328056,123.8701851,0.999899952
891,SAFE,VJR_852,32.46215846,10.0330458,0.017490742,167.7599696,1
892,SAFE,VJR_853,30.40812571,14.04812546,0.068049336,150.5782376,1
893,SAFE,VJR_854,22.33305372,15.37134256,0.284720484,90.40363895,0.999649667
894,SAFE,VJR_855,28.89763679,17.00657936,0.211814156,138.4155282,0.999899922
895,SAFE,VJR_892,35.9769596,10.07326977,0.015963569,198.8345325,1
896,SAFE,VJR_893,26.24442717,14.99329046,0.244314344,118.0445531,0.999924942
897,SAFE,VJR_894,31.64810519,14.44606402,0.099121644,160.8628706,1
898,SAFE,RP_0m_A0,17.53525481,9.083393746,0.210091812,60.61176684,0.999874916
899,SAFE,RP_0m_B0,17.68569012,7.919776065,0.147017614,61.47373691,0.9998749
900,SAFE,RP_0m_C0,20.90663643,9.608225456,0.11113335,81.05936724,0.999974981
901,SAFE,RP_0m_D0,12.92748012,9.1461907,0.406044382,36.61821368,0.999299492
902,SAFE,RP_5m_A0,22.93056494,8.622517799,0.071553665,94.4366899,0.999949962
903,SAFE,RP_5m_B0,17.17184088,11.19339897,0.258882106,58.54936026,0.99929944
904,SAFE,RP_5m_C0,16.99318144,8.533766332,0.23221208,57.54581843,0.999724897
905,SAFE,RP_5m_D0,16.27721973,10.92913958,0.302080728,53.59336544,0.999574851
906,SAFE,RP_15m_A0,9.104143535,9.259795261,0.614797578,20.51070289,0.996747235
907,SAFE,RP_15m_B0,11.42577897,10.6778258,0.514608765,29.85710659,0.99934961
908,SAFE,RP_15m_C0,17.33765174,11.30650038,0.23411229,59.48685266,0.99957466
909,SAFE,RP_15m_D0,2.932962107,3.769957787,0.929490067,3.153517328,0.997497873
910,SAFE,RP_30m_A0,21.50124174,9.595465518,0.142678504,84.905579,1
911,SAFE,RP_30m_B0,23.7976085,9.914552107,0.064503215,100.4119531,1
912,SAFE,RP_30m_C0,21.45131808,7.414084332,0.04291824,84.57994219,1
913,SAFE,RP_30m_D0,20.34848952,8.492618035,0.115565448,77.51338021,1
914,SAFE,RP_60m_A0,18.13842304,9.465913709,0.213549742,64.09673512,1
915,SAFE,RP_60m_B0,17.00049971,7.5251019,0.148375153,57.58679095,1
916,SAFE,RP_60m_C0,21.15669362,9.843789774,0.132496374,82.66828095,1
917,SAFE,RP_60m_D0,21.6735579,7.805089046,0.034995998,86.03333858,1
918,SAFE,RP_120m_A0,10.06036862,7.26051843,0.502927488,24.19250871,0.999224341
919,SAFE,RP_120m_B0,14.01000444,7.774247792,0.334475343,41.82429656,0.999924977
920,SAFE,RP_120m_C0,17.91671573,11.74152554,0.296880082,62.80682029,0.999749806
921,SAFE,RP_120m_D0,16.47840634,9.247305286,0.289124071,54.69277747,0.999649729
922,SAFE,RP_LFE_A0,23.45722933,8.502957439,0.058202646,98.04895948,0.999974988
923,SAFE,RP_LFE_B0,19.4496535,7.124880031,0.079771795,71.93553583,1
924,SAFE,RP_LFE_C0,26.66181922,8.618332714,0.026569263,121.1640335,1
925,SAFE,RP_LFE_D0,29.87750583,8.989501899,0.020358143,146.2595348,1
926,SAFE,RP_VJR_A0,16.57695127,15.40109806,0.476805284,55.2345033,0.991292599
927,SAFE,RP_VJR_B0,24.8315763,13.56066777,0.204531246,107.7255475,0.998149491
928,SAFE,RP_VJR_C0,30.23055414,11.47229747,0.047994395,149.1274614,0.998548658
929,SAFE,RP_VJR_D0,23.08075331,10.30676837,0.09346706,95.4613346,0.999349707
930,SAFE,RP_OP_A0,10.84611149,5.004070001,0.267945576,27.39488867,0.999674854
931,SAFE,RP_OP_B0,10.73258074,4.823262712,0.257852356,26.92249488,0.999724917
932,SAFE,RP_OP_C0,13.67214069,3.276754517,0.072088077,40.17015433,0.999824847
933,SAFE,RP_OP_D0,12.08460267,3.950816797,0.180588206,32.75620651,0.999874956
934,SAFE,RP_0m_A1,22.80659485,9.134648691,0.069584147,93.59421108,1
935,SAFE,RP_0m_B1,18.33736263,9.1684203,0.187914425,65.26298621,0.999849869
936,SAFE,RP_0m_C1,16.60378243,11.06363124,0.309975742,55.382366,0.999649886
937,SAFE,RP_0m_D1,10.29348051,7.603497227,0.498036567,25.12615016,0.999399715
938,SAFE,RP_5m_A1,23.66816057,8.662585353,0.044686867,99.51067552,0.999924938
939,SAFE,RP_5m_B1,20.86962508,9.755449768,0.118188641,80.82229177,0.999549662
940,SAFE,RP_5m_C1,16.85426607,8.549968146,0.230540196,56.7702656,0.999724773
941,SAFE,RP_5m_D1,13.99181223,11.31066535,0.408614523,41.7345587,0.99912454
942,SAFE,RP_15m_A1,6.130714901,7.655051625,0.738276854,10.66858906,0.996123546
943,SAFE,RP_15m_B1,10.49338268,10.58771879,0.554640981,25.93786637,0.999074306
944,SAFE,RP_15m_C1,14.74469014,10.46531607,0.317268473,45.51157257,0.99959963
945,SAFE,RP_15m_D1,2.279922449,3.665675088,0.939814815,2.079576715,0.997772773
946,SAFE,RP_30m_A1,22.65995796,10.06051086,0.135074944,92.60154705,1
947,SAFE,RP_30m_B1,25.32871385,9.422664586,0.036999049,111.3139253,1
948,SAFE,RP_30m_C1,17.06315878,8.719647774,0.189151321,57.93806909,0.99979984
949,SAFE,RP_30m_D1,18.95957168,9.679778884,0.189410999,68.96396853,0.999924936
950,SAFE,RP_60m_A1,17.50694654,9.667998888,0.22169953,60.45010294,0.999974977
951,SAFE,RP_60m_B1,16.80998336,6.89037794,0.144311842,56.5239135,0.999974981
952,SAFE,RP_60m_C1,17.84644222,10.20645215,0.256836206,62.40012689,0.999774837
953,SAFE,RP_60m_D1,19.71612892,10.50977568,0.217538154,73.5720061,0.999549662
954,SAFE,RP_120m_A1,9.402173179,7.61358572,0.569405524,21.63242448,0.999124299
955,SAFE,RP_120m_B1,14.97747777,7.537391226,0.280831686,46.705448,0.999974979
956,SAFE,RP_120m_C1,14.45240327,9.369770896,0.350880705,44.02989858,0.99982486
957,SAFE,RP_120m_D1,15.54564719,9.66344876,0.337560341,49.6703746,0.999449739
959,SAFE,RP_LFE_B1,20.06998778,7.885248565,0.089705735,75.76752594,1
960,SAFE,RP_LFE_C1,26.69695936,9.437144594,0.03574019,121.4281272,1
961,SAFE,RP_LFE_D1,29.67159469,8.85728372,0.021293099,144.5970244,1
962,SAFE,RP_VJR_A1,14.51412161,15.00965717,0.559614663,44.34114944,0.992818716
963,SAFE,RP_VJR_B1,11.35205226,11.84539217,0.577464789,29.53930654,0.996522653
964,SAFE,RP_VJR_C1,32.41467159,13.66225264,0.102576933,167.3544976,0.998273705
965,SAFE,RP_VJR_D1,19.82622914,10.66548249,0.177337068,74.2523895,0.998849597
966,SAFE,RP_OP_A1,11.42509583,4.706252337,0.223650964,29.85415576,0.999774848
967,SAFE,RP_OP_B1,10.66340155,4.868566109,0.260859779,26.63623873,0.999724911
968,SAFE,RP_OP_C1,13.11192951,3.497028702,0.11118059,37.48589384,0.999824912
969,SAFE,RP_OP_D1,11.21342847,4.350321703,0.250231348,28.94541111,0.999849936
970,SAFE,RP_0m_A2,18.33736263,9.1684203,0.187914425,65.26298621,0.999849869
971,SAFE,RP_0m_B2,18.77537536,8.329104337,0.137127846,67.85994806,1
972,SAFE,RP_0m_C2,21.52764551,9.188925506,0.085614211,85.07800254,1
973,SAFE,RP_0m_D2,11.08567103,7.248990197,0.454997999,28.40229761,0.999624775
974,SAFE,RP_5m_A2,22.68247041,9.565301139,0.079557679,92.75367418,0.999949964
975,SAFE,RP_5m_B2,15.97288286,10.74947439,0.285317589,51.94708446,0.999299527
976,SAFE,RP_5m_C2,17.52706906,8.201011744,0.199669719,60.56500184,0.999724766
977,SAFE,RP_5m_D2,16.49658983,10.5888698,0.289290716,54.79257786,0.99972489
978,SAFE,RP_15m_A2,6.768882862,7.558778423,0.711266725,12.56601315,0.993447543
979,SAFE,RP_15m_B2,13.23085683,10.93487876,0.468706224,38.04959608,0.999574745
980,SAFE,RP_15m_C2,16.62244603,10.40581329,0.238176225,55.48531048,0.999749894
981,SAFE,RP_15m_D2,2.590853395,3.54949302,0.942262471,2.568954467,0.997773553
982,SAFE,RP_30m_A2,20.02891441,9.829401987,0.173789031,75.51137855,0.99997498
983,SAFE,RP_30m_B2,15.88560759,10.74557854,0.298061288,51.4787275,0.999699812
984,SAFE,RP_30m_C2,20.2038937,7.408078427,0.055473576,76.60498585,1
985,SAFE,RP_30m_D2,18.28347361,8.503735523,0.167671562,64.94625038,1
986,SAFE,RP_60m_A2,15.36307989,11.12464497,0.34854585,48.70981423,0.999874966
987,SAFE,RP_60m_B2,16.22911211,6.720490194,0.149927438,53.33178272,0.999974979
989,SAFE,RP_60m_D2,21.20333728,8.650527843,0.086113751,82.96977587,1
990,SAFE,RP_120m_A2,8.221028364,7.307240629,0.613182523,17.32723944,0.999199239
991,SAFE,RP_120m_B2,13.85484815,7.690922329,0.328979306,41.06139529,0.999799815
992,SAFE,RP_120m_C2,19.54226236,12.2600621,0.246308994,72.50261322,0.999824834
993,SAFE,RP_120m_D2,15.99974636,9.568311989,0.309150948,52.09158276,0.999524691
994,SAFE,RP_LFE_A2,22.80551305,9.31961837,0.094330657,93.58687253,0.999949984
995,SAFE,RP_LFE_B2,19.2105673,6.931796353,0.089075714,70.47967169,1
997,SAFE,RP_LFE_D2,28.30471526,8.313979718,0.021366559,133.7524014,1
998,SAFE,RP_VJR_A2,19.01133743,14.72118794,0.368719976,69.27550364,0.996046837
999,SAFE,RP_VJR_B2,28.5470616,13.62767576,0.144826034,135.6507432,0.999924961
1000,SAFE,RP_VJR_C2,27.79904014,12.95269166,0.126219177,129.8254807,0.99879958
1001,SAFE,RP_VJR_D2,24.83155824,9.64905137,0.05877204,107.725418,0.999699887
1002,SAFE,RP_OP_A2,11.89875927,4.054608159,0.162446835,31.9276883,0.999574681
1003,SAFE,RP_OP_B2,10.86594511,5.039899356,0.263152628,27.4777478,0.999774848
1004,SAFE,RP_OP_C2,0.452671949,1.117322307,0.992644299,0.143652714,0.992644299
1005,SAFE,RP_OP_D2,12.1588887,4.207336641,0.190166558,33.08972697,0.999874956
1006,SAFE,RP_0m_A3,21.21795714,7.194901196,0.065202162,83.06436489,1
1007,SAFE,RP_0m_B3,17.74112736,7.548289386,0.136010006,61.79259486,0.999949969
1008,SAFE,RP_0m_C3,22.49775793,8.959537086,0.065054274,91.50840432,0.999974989
1009,SAFE,RP_0m_D3,14.51865962,9.980463884,0.358444289,44.36406919,0.999749725
1010,SAFE,RP_5m_A3,22.87067381,7.803258738,0.045438623,94.02930801,1
1011,SAFE,RP_5m_B3,14.86773551,8.483076633,0.267245478,46.14110194,0.999649711
1012,SAFE,RP_5m_C3,11.79731137,12.0832295,0.540212633,31.47896271,0.999374609
1013,SAFE,RP_5m_D3,16.30563591,10.1510669,0.270052539,53.74811444,0.999724794
1014,SAFE,RP_15m_A3,8.62137446,9.808174841,0.642124744,18.74413021,0.995873556
1015,SAFE,RP_15m_B3,12.6460978,10.47689148,0.435851889,35.31006085,0.999424568
1016,SAFE,RP_15m_C3,16.37417339,12.65842593,0.313843229,54.1220811,0.99957467
1017,SAFE,RP_15m_D3,4.599446694,5.007547754,0.835368295,6.634347312,0.998173539
1018,SAFE,RP_30m_A3,29.03668919,7.058536662,0.021934322,139.5182509,1
1019,SAFE,RP_30m_B3,27.75362485,8.807997335,0.025719289,129.4750643,1
1020,SAFE,RP_30m_C3,22.7244416,7.20259779,0.036192191,93.03755644,1
1021,SAFE,RP_30m_D3,21.41215544,8.096875901,0.072755921,84.3248423,1
1022,SAFE,RP_60m_A3,21.86500551,8.80294529,0.088302982,87.29319177,1
1023,SAFE,RP_60m_B3,17.00049971,7.5251019,0.148375153,57.58679095,1
1024,SAFE,RP_60m_C3,19.59848303,8.150803508,0.128895113,72.84773023,1
1025,SAFE,RP_60m_D3,21.1573469,9.05029711,0.114116293,82.67250062,1
1026,SAFE,RP_120m_A3,12.18989389,8.224528302,0.396588806,33.22932487,0.999499825
1027,SAFE,RP_120m_B3,14.01271555,7.884289374,0.325512756,41.8376763,0.999724862
1028,SAFE,RP_120m_C3,21.74201483,13.45372185,0.204858158,86.48299974,0.999749837
1029,SAFE,RP_120m_D3,15.8849865,9.550789296,0.334525894,51.47540049,0.999274456
1030,SAFE,RP_LFE_A3,18.86352906,8.962895077,0.155521656,68.38743806,0.999949985
1031,SAFE,RP_LFE_B3,20.63488588,8.459097012,0.080701228,79.32507053,1
1032,SAFE,RP_LFE_C3,25.39827942,5.603875602,0.007056174,111.8197544,1
1033,SAFE,RP_LFE_D3,27.80181705,8.00043518,0.0222706,129.846919,1
1034,SAFE,RP_VJR_A3,11.35205226,11.84539217,0.577464789,29.53930654,0.996522653
1035,SAFE,RP_VJR_B3,26.22931474,13.49808381,0.190087814,117.9322102,0.998999274
1036,SAFE,RP_VJR_C3,26.86598898,12.26551447,0.104861511,122.7016316,0.998598844
1037,SAFE,RP_VJR_D3,24.72731596,11.40534176,0.103124765,106.9788901,0.999424583
1038,SAFE,RP_OP_A3,13.24368088,3.889144592,0.109067708,38.11057906,0.999849872
1039,SAFE,RP_OP_B3,11.24297715,4.815631491,0.233863705,29.07160451,0.999724807
1040,SAFE,RP_OP_C3,13.20224666,3.603984978,0.101042943,37.91368353,0.999774904
1041,SAFE,RP_OP_D3,12.1588887,4.207336641,0.190166558,33.08972697,0.999874956
1042,SAFE,BA_E100_edge,16.37365084,8.645286673,0.174713564,54.11922597,0.999499675
1043,SAFE,BA_D100_641,11.14008038,7.436421981,0.471126902,28.63310195,0.999149319
1044,SAFE,BA_C10_621,9.724546151,9.086333754,0.525257074,22.87217904,0.998273662
1045,SAFE,BA_B10,14.89009223,7.819976913,0.224434661,46.25585079,0.99989994
1046,SAFE,BA_E1_648,6.556086199,7.379016667,0.70225436,11.91971697,0.997973328
1047,SAFE,BA_D_Matrix,5.925139563,5.636188648,0.74034877,10.0837308,0.997573119
1048,SAFE,BA_C_Matrix,3.279027027,3.981220733,0.921897664,3.79198115,0.994798179
1049,SAFE,BA_Riparian_1,21.81436368,15.15745281,0.321153461,86.95923101,0.995548219
1050,SAFE,BA_Riparian_2,28.97890388,11.37084716,0.067480672,139.0595782,0.998799009
1051,SAFE,BA_VJR_1,27.09426694,15.97024243,0.22009354,124.4298453,0.99842433
1052,SAFE,BA_VJR_2,23.22636439,13.29026473,0.22267804,96.45891726,0.999724842
1053,SAFE,BA_B1_602,18.02716133,8.706507164,0.211574549,63.44810863,0.999674732
1054,SAFE,BA_OP3_843,9.098948404,2.730966453,0.549792323,20.49135913,1
1055,SAFE,BA_OP_Belian,0.378771166,1.015744611,0.999299685,0.10699349,0.999574809
1056,Maliau,OG1_394,19.14030724,11.93367593,0.24979994,70.05407628,0.999774932
1057,Maliau,OG1_395,38.02681575,20.8542808,0.096194741,217.9079615,0.999974982
1058,Maliau,OG1_396,23.0779765,18.84256779,0.228174653,95.44235051,0.999524584
1059,Maliau,OG1_397,41.64290483,15.3699829,0.024318847,253.2137881,1
1060,Maliau,OG1_398,42.14978239,17.07949133,0.016988166,258.328881,1
1061,Maliau,OG1_399,37.01469342,12.47356478,0.016081835,208.4041593,0.999624841
1062,Maliau,OG1_400,38.35042972,15.64911422,0.021116365,220.9819216,1
1063,Maliau,OG1_401,41.21261242,15.20781141,0.019785387,248.9033205,0.999624803
1064,Maliau,OG1_402,42.22937912,12.21849961,0.002952066,259.1357897,1
1065,Maliau,OG1_403,41.03599072,11.64588348,0.009482112,247.1424798,0.999974981
1066,Maliau,OG1_404,41.34779133,11.17803334,0.005979036,250.2543289,1
1067,Maliau,OG1_405,41.91438181,18.24693409,0.013655462,255.9483391,1
1068,Maliau,OG1_406,35.49623794,18.27083122,0.088060859,194.4618995,0.999974976
1069,Maliau,OG1_407,41.60579699,13.51743164,0.009528573,252.8409078,1
1070,Maliau,OG1_408,22.21461966,13.75536541,0.162734846,89.61251381,0.999774848
1071,Maliau,OG1_409,24.41937446,17.02128135,0.221919316,104.7855748,0.999624841
1072,Maliau,OG1_410,32.39669039,23.26568743,0.233018939,167.2010643,0.99932451
1073,Maliau,OG1_411,37.47345619,14.81528203,0.036602452,212.691182,0.999874906
1074,Maliau,OG1_412,35.83079753,15.29574928,0.065169551,197.500983,0.999874962
1075,Maliau,OG1_413,31.63777623,18.17658302,0.115931881,160.7760941,0.999349821
1076,Maliau,OG1_414,40.7391449,15.39578769,0.02543581,244.1941951,0.999624841
1077,Maliau,OG1_415,38.02442883,11.80031556,0.004178238,217.8853517,1
1078,Maliau,OG1_416,41.19470972,11.70166233,0.002652055,248.7246135,1
1079,Maliau,OG1_417,45.87783111,11.45112771,0.005880734,297.1784921,1
1080,Maliau,OG1_418,42.86589619,19.0241529,0.038241253,265.6241527,0.999974989
1081,Maliau,OG1_419,45.33986589,14.29715279,0.002176578,291.4401783,1
1082,Maliau,OG1_420,36.47280961,12.80222983,0.007831069,203.3849216,1
1083,Maliau,OG1_711,41.24833899,11.36590893,0.005678691,249.2600989,1
1084,Maliau,OG1_712,22.08163961,12.40995915,0.153522818,88.72750038,0.99982486
1085,Maliau,OG1_713,37.03385163,16.00566353,0.065383845,208.5824974,0.999874887
1086,Maliau,OG1_714,44.08458728,11.54191365,0.000675591,278.2230683,1
1087,Maliau,OG1_715,41.8595852,13.54624115,0.005254598,255.3954457,1
1088,Maliau,OG1_716,32.34394668,23.13049077,0.187790727,166.7513238,0.999549842
1089,Maliau,OG1_717,40.35826863,14.82514539,0.016514863,240.4318209,0.999624662
1090,Maliau,OG1_718,39.06786742,17.78605077,0.042033627,227.8572538,1
1091,Maliau,OG1_719,42.49303562,18.09858084,0.028492095,261.8156915,1
1092,Maliau,OG1_834,35.08119164,11.22641002,0.007030449,190.7176127,1
1093,Maliau,OG1_835,34.14847115,21.52780692,0.127213607,182.4085252,0.999624812
1094,Maliau,OG1_836,42.43931504,12.53966722,0.018206828,261.2687724,1
1095,Maliau,OG1_886,41.46978338,17.24227382,0.068204564,251.4760237,0.99992494
1096,Maliau,OG2_421,40.25784239,15.23719229,0.026060424,239.4436378,0.99972489
1097,Maliau,OG2_422,38.32101707,13.48888567,0.020744188,220.7018328,1
1098,Maliau,OG2_423,49.08693784,14.83697838,0.009781603,332.319442,1
1099,Maliau,OG2_424,43.83918408,16.64084527,0.00808187,275.667545,1
1100,Maliau,OG2_425,41.00480005,13.59397726,0.0114839,246.8320359,1
1101,Maliau,OG2_426,48.92535569,14.52022569,0.006202946,330.5131006,1
1102,Maliau,OG2_427,48.25582182,12.21213153,0.003828733,323.0698423,0.999874878
1103,Maliau,OG2_428,46.5093161,12.62056496,0.008032229,303.97062,1
1104,Maliau,OG2_429,43.19300403,14.08825274,0.010958219,268.9831551,1
1105,Maliau,OG2_430,42.18506771,15.8158281,0.024911833,258.6864619,1
1106,Maliau,OG2_431,40.67572656,17.25856199,0.029341138,243.5661348,0.999899945
1107,Maliau,OG2_432,39.26502259,19.02506036,0.099209723,229.7611787,0.996523783
1108,Maliau,OG2_433,27.73760871,17.76477609,0.159498611,129.3515759,0.955390428
1109,Maliau,OG2_434,24.50639464,15.03040554,0.179507069,105.4035566,0.948104592
1110,Maliau,OG2_435,49.09409796,12.4020593,0.007552832,332.3995756,0.999749906
1111,Maliau,OG2_436,38.35958439,13.42618561,0.012157294,221.0691277,1
1112,Maliau,OG2_437,47.30611078,16.96540713,0.019314969,312.6270707,0.999899922
1113,Maliau,OG2_438,42.62710638,13.06089591,0.015405777,263.182611,0.999974991
1114,Maliau,OG2_439,50.52100929,17.17367429,0.0127054,348.5208957,1
1115,Maliau,OG2_440,45.14568293,17.62489025,0.013910781,289.3797565,0.999949961
1116,Maliau,OG2_441,29.10476838,18.84968003,0.207900728,140.0593969,0.989492382
1117,Maliau,OG2_442,24.65743654,19.80574122,0.291879316,106.4795998,0.922645852
1118,Maliau,OG2_443,35.82469943,18.28988675,0.114048471,197.4454223,0.989520546
1119,Maliau,OG2_444,29.96534868,16.92775665,0.142081561,146.9710542,0.973605204
1120,Maliau,OG2_445,29.13631693,18.59509311,0.181479257,140.3104497,0.988640344
1121,Maliau,OG2_446,44.59327126,16.66499086,0.032003003,283.5499044,0.998273489
1122,Maliau,OG2_447,32.45021798,14.67642193,0.036622889,167.657978,0.999674797
1123,Maliau,OG2_720,26.75183568,16.0376138,0.129821402,121.8410014,0.959802892
1124,Maliau,OG2_721,43.3792002,16.76334263,0.025816135,270.9026054,0.999899937
1125,Maliau,OG2_722,34.69852,19.03907127,0.123720628,187.2909208,0.992868046
1126,Maliau,OG2_723,48.72630685,12.26299556,0.004626735,328.2932658,0.999749906
1127,Maliau,OG2_724,49.79586428,14.16898826,0.005979485,340.2904763,1
1128,Maliau,OG2_725,43.89787021,13.83878618,0.006980934,276.2778294,1
1129,Maliau,OG2_726,26.79950711,18.97658039,0.230915505,122.2001172,0.963645007
1130,Maliau,OG2_727,41.1861044,13.27700921,0.013685264,248.6387322,1
1131,Maliau,OG2_728,43.30758796,14.04974856,0.016485303,270.1637344,0.999974984
1132,Maliau,OG2_837,22.17669273,16.59421614,0.26126329,89.35974752,0.94206379
1133,Maliau,OG2_838,37.68906413,15.75274411,0.026797108,214.7178797,1
1134,Maliau,OG2_839,42.13202096,15.16701727,0.022184428,258.1489609,0.999974989
1135,Maliau,OG2_887,53.42754131,17.20187351,0.027156789,382.2842916,0.999949987
1136,Maliau,OG3_448,26.34325502,13.23380297,0.109618512,118.7802611,0.963402126
1137,Maliau,OG3_449,25.06152298,12.25108909,0.115175779,109.3795465,0.998874015
1138,Maliau,OG3_450,26.00581758,12.29568367,0.120802682,116.275715,0.999574638
1139,Maliau,OG3_451,33.17311574,15.01778125,0.05641449,173.8767832,0.99909937
1140,Maliau,OG3_452,22.25977748,12.96706903,0.186308839,89.91383852,0.99919964
1141,Maliau,OG3_453,25.86982484,11.20589024,0.095070158,115.2723117,1
1142,Maliau,OG3_454,35.47436065,10.95105514,0.022840417,194.2638188,1
1143,Maliau,OG3_455,24.2950649,11.46589705,0.132305845,103.9052712,0.99972478
1144,Maliau,OG3_456,37.24669784,8.272805775,0.008954253,210.5678722,1
1145,Maliau,OG3_457,30.91866491,12.42635241,0.051715079,154.7802307,0.999724787
1146,Maliau,OG3_458,32.85744286,13.45456134,0.052773748,171.1501703,1
1147,Maliau,OG3_459,32.56631502,12.36473298,0.026237463,168.650679,1
1148,Maliau,OG3_460,40.24205103,13.87565228,0.020638415,239.2883989,0.999949967
1149,Maliau,OG3_461,31.72279968,13.16931225,0.04748205,161.4909507,1
1150,Maliau,OG3_462,31.32825095,9.453910037,0.025094448,158.1842767,1
1151,Maliau,OG3_463,32.88507082,10.19187514,0.031347727,171.3881257,0.999874909
1152,Maliau,OG3_464,28.5359356,16.22114174,0.140333759,135.5633599,0.974605319
1153,Maliau,OG3_465,27.29345396,13.97364046,0.121027874,125.9456124,0.998874043
1154,Maliau,OG3_466,24.3098195,11.86184236,0.127467414,104.0096031,0.999574692
1155,Maliau,OG3_467,27.66284908,12.36715263,0.107995898,128.7757765,0.999649851
1156,Maliau,OG3_468,36.17733036,11.02596323,0.022267257,200.6684261,1
1157,Maliau,OG3_469,30.39912279,13.32384422,0.078785453,150.5045495,0.999849932
1158,Maliau,OG3_470,32.97748631,12.88962076,0.0338186,172.1850349,0.999974986
1159,Maliau,OG3_471,34.64372393,10.21539437,0.024813027,186.8022516,1
1160,Maliau,OG3_472,33.64141563,12.16308153,0.025020016,177.9530002,1
1161,Maliau,OG3_473,33.44941728,11.553696,0.015838066,176.2772787,1
1162,Maliau,OG3_474,30.78149119,12.5778061,0.053691107,153.6467357,0.999874962
1163,Maliau,OG3_729,32.3567985,12.38733432,0.033463385,166.8608659,1
1164,Maliau,OG3_730,36.43658879,12.24440591,0.025094448,203.0511488,1
1165,Maliau,OG3_731,28.00413289,13.60538744,0.096533787,131.4125957,0.981893663
1166,Maliau,OG3_732,27.21800961,13.2684391,0.09927694,125.3706454,0.998874127
1167,Maliau,OG3_733,26.14163204,13.32178237,0.127579737,117.2812285,0.999324578
1168,Maliau,OG3_734,24.4952027,11.75231515,0.137728296,105.3239956,0.999499625
1169,Maliau,OG3_735,36.23572633,9.420771549,0.01491081,201.2041464,1
1170,Maliau,OG3_736,32.84372231,12.52320229,0.038715486,171.0320459,0.99984994
1171,Maliau,OG3_737,32.84627756,8.442718573,0.007027284,171.0540423,1
1172,Maliau,OG3_840,36.1068977,10.20571841,0.006629807,200.0230331,1
1173,Maliau,OG3_841,22.65931565,12.39113506,0.159209704,92.59720812,0.999499812
1174,Maliau,OG3_842,33.98892465,12.12607433,0.040331257,181.0018895,1
1175,Maliau,OG3_888,33.65166054,11.11207102,0.03034852,178.0425916,1
1176,Maliau,OG5_896,38.08603262,14.65100031,0.022343433,218.4691816,1
